row,date,side,position,fair_position,gap,confirmed,fwd_arb_20,fwd_safex_20,position_change_20,from_safex_20,from_edges_20,fwd_arb_40,fwd_safex_40,position_change_40,from_safex_40,from_edges_40,fwd_arb_60,fwd_safex_60,position_change_60,from_safex_60,from_edges_60,grain_class
2968,2021-03-31,long,0.08831243437039979,0.4810622800494463,0.39274984567904647,True,-0.09156722070913348,0.09763122021907533,-0.08375798238771169,0.13515879826602897,-0.21891678065374065,-0.06702873795935571,0.02668733933371814,-0.038115746282044775,0.06261537246549304,-0.10073111874753782,-0.06262647104804431,-0.017642094921355933,-0.005401365977128189,0.01952960241683155,-0.024930968393959738,yellow
3195,2022-02-24,long,0.06206108452237009,0.3848584447357838,0.3227973602134137,True,-0.002938809980927992,0.04792895685580678,0.04557729216711448,0.1734872312233494,-0.1279099390562349,-0.088522313702037,0.15224849579428668,-0.11481153099209289,0.4383029169662991,-0.5531144479583919,-0.0009034353173345,0.15187027756420757,0.04606212138809729,0.44674177057837894,-0.40067964919028165,yellow
3231,2022-04-20,long,0.09321446102172602,0.33869039560981673,0.2454759345880907,True,0.0607546758384927,0.06178875356561231,0.10900640646837743,0.14712439942287003,-0.0381179929544926,0.04376677853563904,0.018331711407352236,0.1218956730373303,0.07051720056281509,0.05137847247451521,0.12391604222934194,-0.0491957207561875,0.2736728518524499,-0.07302154260359232,0.3466943944560422,yellow
3437,2023-02-14,long,0.08048977406481983,0.37779263721656864,0.2973028631517488,True,0.00894825179434644,-0.05219378972080069,0.031048922523267367,-0.1157436283127811,0.14679255083604847,-0.13595542077003853,-0.1467062639175013,-0.2896596423323396,-0.34155762200767625,0.05189797967533666,-0.10384486928232628,-0.17359952717364957,-0.16133164100930508,-0.36723062797697875,0.20589898696767367,yellow
3727,2024-04-16,short,0.9462903795510821,0.29593457240201276,-0.6503558071490694,True,0.11452996525120018,0.097509392639757,-0.27935948519839227,-0.20706220875802206,-0.0722972764403702,0.11553916423337462,0.0956032174130722,-0.2644637174560338,-0.20273288052863114,-0.061730836927402666,-0.021112564754010132,0.11825139230381343,-0.1436820179968944,-0.23382284912979678,0.09014083113290239,yellow
3797,2024-07-26,short,0.904888014071362,0.36231777983193447,-0.5425702342394275,True,-0.010076484383731321,0.07018263962253957,-0.03832037975346103,-0.13544460953762305,0.09712422978416202,-0.04175874426941639,-7.771561172376096e-16,0.04602119253584114,-0.0035848594099862074,0.049606051945827345,-0.06290419321536178,-0.06754869190654866,0.13636697102344364,0.1337270441511329,0.0026399268723107383,yellow
4042,2025-07-22,short,0.9147220363249144,0.7377005174341263,-0.1770215188907881,False,0.11082498338166835,0.13949881910038697,-0.21229743842802007,-0.2512069337183416,0.038909495290321505,0.2224803820053488,0.19977995210141108,-0.39461309801885047,-0.3429456103765738,-0.05166748764227669,0.26276898125727377,0.26623747739433923,-0.47821189390945795,-0.45321169179068216,-0.025000202118775794,yellow
1850,2016-10-27,short,0.924181406952799,0.8523954471916001,-0.07178595976119895,False,-0.06225009741937604,-0.06163147153002568,0.06489086232654784,0.10612638694595189,-0.04123552461940405,0.0015888156786506569,0.016462432475234823,-0.15986907037129672,-0.11244749411135013,-0.047421576259946585,0.17312695426127422,0.1930222190709231,-0.5541006893559219,-0.5240697748740297,-0.030030914481892212,white
1951,2017-03-24,long,0.09399379437128014,0.824251304573365,0.730257510202085,True,-0.01190109397098954,0.06692733699988068,0.003800321929762193,0.050126946217653304,-0.04632662428789111,-0.0993650310571989,-0.04487581874458585,-0.03548460435500665,0.00018413210237397393,-0.035668736457380626,-0.10577245596776658,-0.06883255896838575,-0.03244186783634008,-0.006322298953563746,-0.026119568882776334,white
2909,2021-02-02,long,0.0985945445011283,0.6354264805613834,0.5368319360602551,True,0.02423152102298609,0.030310084691330563,0.0005886880947752471,0.00931847213363407,-0.008729784038858823,-0.04333570036121792,0.011373130120223673,-0.050275893560752426,-0.008601405813217028,-0.0416744877475354,-0.1356542186893881,0.10825305272026231,-0.10839206232626374,0.08278146893372215,-0.19117353125998587,white
3410,2023-02-02,long,0.09946312719596472,0.5475757926711329,0.44811266547516815,True,-0.040675587416881154,-0.04009551428488889,-0.08621699035044704,-0.08524062565810396,-0.0009763646923430791,-0.07530923950084989,-0.04527104554614758,-0.15214868138379328,-0.1185500133123905,-0.033598668071402785,-0.1536124754084387,-0.17508017188294822,-0.20070552935278063,-0.24705592182809782,0.04635039247531719,white
3708,2024-04-16,short,0.9332405874067335,0.37006565280980114,-0.5631749345969324,True,0.13064634968213173,0.11362577707068855,-0.2555075642692156,-0.19788502364291138,-0.05762254062630423,0.10016786567017277,0.08023191884987035,-0.1870311011979453,-0.1404542872038963,-0.046576813994049004,-0.10522314540821975,0.03414081164960381,-0.0733884871003132,-0.05763854064260454,-0.015749946457708663,white
3800,2024-08-28,short,0.9209829105082875,0.5943360604762712,-0.3266468500320163,True,0.024609506479867704,-0.008830682247368493,-0.05484621045116722,-0.031840176732385594,-0.023006033718781627,0.0185836470325369,-0.06333860688734338,-0.005305468585632078,0.030792925290088702,-0.03609839387572078,0.002581640374883065,-0.13162625972729547,0.06005003990922608,0.1434673541100474,-0.08341731420082132,white
