side,period,group,horizon,events,mean_arb,median_arb,hit_rate,t_events,mean_safex,median_from_safex,median_from_edges,grain_class
long,full,edge alone (all),20,4,-0.006200775764305583,0.003004720906709224,0.5,-0.19599923317521104,0.038788785229923434,0.1411415988444495,-0.08301396600536376,yellow
long,full,edge alone (all),40,4,-0.06193492347394805,-0.07777552583069636,0.25,-1.6272054008382317,0.012640320654463938,0.06656628651415405,-0.024676323136511302,yellow
long,full,edge alone (all),60,4,-0.010864683354590787,-0.031764953182689404,0.25,-0.21879512929951336,-0.02214176632174636,-0.026745970093380388,0.09048400928685696,yellow
long,full,confirmed by gap,20,4,-0.006200775764305583,0.003004720906709224,0.5,-0.19599923317521104,0.038788785229923434,0.1411415988444495,-0.08301396600536376,yellow
long,full,confirmed by gap,40,4,-0.06193492347394805,-0.07777552583069636,0.25,-1.6272054008382317,0.012640320654463938,0.06656628651415405,-0.024676323136511302,yellow
long,full,confirmed by gap,60,4,-0.010864683354590787,-0.031764953182689404,0.25,-0.21879512929951336,-0.02214176632174636,-0.026745970093380388,0.09048400928685696,yellow
long,full,not confirmed,20,0,,,,,,,,yellow
long,full,not confirmed,40,0,,,,,,,,yellow
long,full,not confirmed,60,0,,,,,,,,yellow
long,development,edge alone (all),20,3,-0.011250451617189591,-0.002938809980927992,0.3333333333333333,-0.254722434876035,0.06911631021349814,0.14712439942287003,-0.1279099390562349,yellow
long,development,edge alone (all),40,3,-0.03726142437525123,-0.06702873795935571,0.3333333333333333,-0.9091153692270468,0.06575584884511902,0.07051720056281509,-0.10073111874753782,yellow
long,development,edge alone (all),60,3,0.020128711954654377,-0.0009034353173345,0.3333333333333333,0.36686113126486103,0.02834415396222138,0.01952960241683155,-0.024930968393959738,yellow
long,development,confirmed by gap,20,3,-0.011250451617189591,-0.002938809980927992,0.3333333333333333,-0.254722434876035,0.06911631021349814,0.14712439942287003,-0.1279099390562349,yellow
long,development,confirmed by gap,40,3,-0.03726142437525123,-0.06702873795935571,0.3333333333333333,-0.9091153692270468,0.06575584884511902,0.07051720056281509,-0.10073111874753782,yellow
long,development,confirmed by gap,60,3,0.020128711954654377,-0.0009034353173345,0.3333333333333333,0.36686113126486103,0.02834415396222138,0.01952960241683155,-0.024930968393959738,yellow
long,development,not confirmed,20,0,,,,,,,,yellow
long,development,not confirmed,40,0,,,,,,,,yellow
long,development,not confirmed,60,0,,,,,,,,yellow
long,holdout,edge alone (all),20,1,0.00894825179434644,0.00894825179434644,1.0,,-0.05219378972080069,-0.1157436283127811,0.14679255083604847,yellow
long,holdout,edge alone (all),40,1,-0.13595542077003853,-0.13595542077003853,0.0,,-0.1467062639175013,-0.34155762200767625,0.05189797967533666,yellow
long,holdout,edge alone (all),60,1,-0.10384486928232628,-0.10384486928232628,0.0,,-0.17359952717364957,-0.36723062797697875,0.20589898696767367,yellow
long,holdout,confirmed by gap,20,1,0.00894825179434644,0.00894825179434644,1.0,,-0.05219378972080069,-0.1157436283127811,0.14679255083604847,yellow
long,holdout,confirmed by gap,40,1,-0.13595542077003853,-0.13595542077003853,0.0,,-0.1467062639175013,-0.34155762200767625,0.05189797967533666,yellow
long,holdout,confirmed by gap,60,1,-0.10384486928232628,-0.10384486928232628,0.0,,-0.17359952717364957,-0.36723062797697875,0.20589898696767367,yellow
long,holdout,not confirmed,20,0,,,,,,,,yellow
long,holdout,not confirmed,40,0,,,,,,,,yellow
long,holdout,not confirmed,60,0,,,,,,,,yellow
short,full,edge alone (all),20,3,0.07175948808304573,0.11082498338166835,0.6666666666666666,1.753140693794804,0.10239695045422785,-0.20706220875802206,0.038909495290321505,yellow
short,full,edge alone (all),40,3,0.09875360065643568,0.11553916423337462,0.6666666666666666,1.286866362168877,0.0984610565048275,-0.20273288052863114,-0.05166748764227669,yellow
short,full,edge alone (all),60,3,0.05958407442930062,-0.021112564754010132,0.3333333333333333,0.5824088597237921,0.10564672593053466,-0.23382284912979678,0.0026399268723107383,yellow
short,full,confirmed by gap,20,2,0.05222674043373443,0.05222674043373443,0.5,,0.08384601613114828,-0.17125340914782256,0.012413476671895907,yellow
short,full,confirmed by gap,40,2,0.036890209981979116,0.036890209981979116,0.5,,0.047801608706535714,-0.10315886996930868,-0.00606239249078766,yellow
short,full,confirmed by gap,60,2,-0.04200837898468596,-0.04200837898468596,0.0,,0.025351350198632383,-0.05004790248933194,0.04639037900260656,yellow
short,full,not confirmed,20,1,0.11082498338166835,0.11082498338166835,1.0,,0.13949881910038697,-0.2512069337183416,0.038909495290321505,yellow
short,full,not confirmed,40,1,0.2224803820053488,0.2224803820053488,1.0,,0.19977995210141108,-0.3429456103765738,-0.05166748764227669,yellow
short,full,not confirmed,60,1,0.26276898125727377,0.26276898125727377,1.0,,0.26623747739433923,-0.45321169179068216,-0.025000202118775794,yellow
short,development,edge alone (all),20,0,,,,,,,,yellow
short,development,edge alone (all),40,0,,,,,,,,yellow
short,development,edge alone (all),60,0,,,,,,,,yellow
short,development,confirmed by gap,20,0,,,,,,,,yellow
short,development,confirmed by gap,40,0,,,,,,,,yellow
short,development,confirmed by gap,60,0,,,,,,,,yellow
short,development,not confirmed,20,0,,,,,,,,yellow
short,development,not confirmed,40,0,,,,,,,,yellow
short,development,not confirmed,60,0,,,,,,,,yellow
short,holdout,edge alone (all),20,3,0.07175948808304573,0.11082498338166835,0.6666666666666666,1.753140693794804,0.10239695045422785,-0.20706220875802206,0.038909495290321505,yellow
short,holdout,edge alone (all),40,3,0.09875360065643568,0.11553916423337462,0.6666666666666666,1.286866362168877,0.0984610565048275,-0.20273288052863114,-0.05166748764227669,yellow
short,holdout,edge alone (all),60,3,0.05958407442930062,-0.021112564754010132,0.3333333333333333,0.5824088597237921,0.10564672593053466,-0.23382284912979678,0.0026399268723107383,yellow
short,holdout,confirmed by gap,20,2,0.05222674043373443,0.05222674043373443,0.5,,0.08384601613114828,-0.17125340914782256,0.012413476671895907,yellow
short,holdout,confirmed by gap,40,2,0.036890209981979116,0.036890209981979116,0.5,,0.047801608706535714,-0.10315886996930868,-0.00606239249078766,yellow
short,holdout,confirmed by gap,60,2,-0.04200837898468596,-0.04200837898468596,0.0,,0.025351350198632383,-0.05004790248933194,0.04639037900260656,yellow
short,holdout,not confirmed,20,1,0.11082498338166835,0.11082498338166835,1.0,,0.13949881910038697,-0.2512069337183416,0.038909495290321505,yellow
short,holdout,not confirmed,40,1,0.2224803820053488,0.2224803820053488,1.0,,0.19977995210141108,-0.3429456103765738,-0.05166748764227669,yellow
short,holdout,not confirmed,60,1,0.26276898125727377,0.26276898125727377,1.0,,0.26623747739433923,-0.45321169179068216,-0.025000202118775794,yellow
long,full,edge alone (all),20,3,-0.009448386788294868,-0.01190109397098954,0.3333333333333333,-0.5031851297491639,0.01904730246877412,0.00931847213363407,-0.008729784038858823,white
long,full,edge alone (all),40,3,-0.07266999030642224,-0.07530923950084989,0.0,-4.478057051494841,-0.02625791139016992,-0.008601405813217028,-0.035668736457380626,white
long,full,edge alone (all),60,3,-0.13167971668853112,-0.1356542186893881,0.0,-9.43773429278151,-0.04521989271035722,-0.006322298953563746,-0.026119568882776334,white
long,full,confirmed by gap,20,3,-0.009448386788294868,-0.01190109397098954,0.3333333333333333,-0.5031851297491639,0.01904730246877412,0.00931847213363407,-0.008729784038858823,white
long,full,confirmed by gap,40,3,-0.07266999030642224,-0.07530923950084989,0.0,-4.478057051494841,-0.02625791139016992,-0.008601405813217028,-0.035668736457380626,white
long,full,confirmed by gap,60,3,-0.13167971668853112,-0.1356542186893881,0.0,-9.43773429278151,-0.04521989271035722,-0.006322298953563746,-0.026119568882776334,white
long,full,not confirmed,20,0,,,,,,,,white
long,full,not confirmed,40,0,,,,,,,,white
long,full,not confirmed,60,0,,,,,,,,white
long,development,edge alone (all),20,2,0.0061652135259982754,0.0061652135259982754,0.5,,0.04861871084560562,0.029722709175643687,-0.027528204163374967,white
long,development,edge alone (all),40,2,-0.07135036570920841,-0.07135036570920841,0.0,,-0.016751344312181088,-0.004208636855421527,-0.03867161210245801,white
long,development,edge alone (all),60,2,-0.12071333732857734,-0.12071333732857734,0.0,,0.01971024687593828,0.0382295849900792,-0.1086465500713811,white
long,development,confirmed by gap,20,2,0.0061652135259982754,0.0061652135259982754,0.5,,0.04861871084560562,0.029722709175643687,-0.027528204163374967,white
long,development,confirmed by gap,40,2,-0.07135036570920841,-0.07135036570920841,0.0,,-0.016751344312181088,-0.004208636855421527,-0.03867161210245801,white
long,development,confirmed by gap,60,2,-0.12071333732857734,-0.12071333732857734,0.0,,0.01971024687593828,0.0382295849900792,-0.1086465500713811,white
long,development,not confirmed,20,0,,,,,,,,white
long,development,not confirmed,40,0,,,,,,,,white
long,development,not confirmed,60,0,,,,,,,,white
long,holdout,edge alone (all),20,1,-0.040675587416881154,-0.040675587416881154,0.0,,-0.04009551428488889,-0.08524062565810396,-0.0009763646923430791,white
long,holdout,edge alone (all),40,1,-0.07530923950084989,-0.07530923950084989,0.0,,-0.04527104554614758,-0.1185500133123905,-0.033598668071402785,white
long,holdout,edge alone (all),60,1,-0.1536124754084387,-0.1536124754084387,0.0,,-0.17508017188294822,-0.24705592182809782,0.04635039247531719,white
long,holdout,confirmed by gap,20,1,-0.040675587416881154,-0.040675587416881154,0.0,,-0.04009551428488889,-0.08524062565810396,-0.0009763646923430791,white
long,holdout,confirmed by gap,40,1,-0.07530923950084989,-0.07530923950084989,0.0,,-0.04527104554614758,-0.1185500133123905,-0.033598668071402785,white
long,holdout,confirmed by gap,60,1,-0.1536124754084387,-0.1536124754084387,0.0,,-0.17508017188294822,-0.24705592182809782,0.04635039247531719,white
long,holdout,not confirmed,20,0,,,,,,,,white
long,holdout,not confirmed,40,0,,,,,,,,white
long,holdout,not confirmed,60,0,,,,,,,,white
short,full,edge alone (all),20,3,0.031001919580874466,0.024609506479867704,0.6666666666666666,0.5558284122357741,0.014387874431098124,-0.031840176732385594,-0.04123552461940405,white
short,full,edge alone (all),40,3,0.04011344279378678,0.0185836470325369,1.0,1.318421597931428,0.01111858147925393,-0.11244749411135013,-0.046576813994049004,white
short,full,edge alone (all),60,3,0.023495149742645844,0.002581640374883065,0.6666666666666666,0.2899551337401115,0.031845590331077145,-0.05763854064260454,-0.030030914481892212,white
short,full,confirmed by gap,20,2,0.07762792808099972,0.07762792808099972,1.0,,0.05239754741166003,-0.11486260018764849,-0.04031428717254293,white
short,full,confirmed by gap,40,2,0.059375756351354836,0.059375756351354836,1.0,,0.008446655981263484,-0.0548306809569038,-0.04133760393488489,white
short,full,confirmed by gap,60,2,-0.051320752516668344,-0.051320752516668344,0.5,,-0.04874272403884583,0.04291440673372143,-0.049583630329264994,white
short,full,not confirmed,20,1,-0.06225009741937604,-0.06225009741937604,0.0,,-0.06163147153002568,0.10612638694595189,-0.04123552461940405,white
short,full,not confirmed,40,1,0.0015888156786506569,0.0015888156786506569,1.0,,0.016462432475234823,-0.11244749411135013,-0.047421576259946585,white
short,full,not confirmed,60,1,0.17312695426127422,0.17312695426127422,1.0,,0.1930222190709231,-0.5240697748740297,-0.030030914481892212,white
short,development,edge alone (all),20,1,-0.06225009741937604,-0.06225009741937604,0.0,,-0.06163147153002568,0.10612638694595189,-0.04123552461940405,white
short,development,edge alone (all),40,1,0.0015888156786506569,0.0015888156786506569,1.0,,0.016462432475234823,-0.11244749411135013,-0.047421576259946585,white
short,development,edge alone (all),60,1,0.17312695426127422,0.17312695426127422,1.0,,0.1930222190709231,-0.5240697748740297,-0.030030914481892212,white
short,development,confirmed by gap,20,0,,,,,,,,white
short,development,confirmed by gap,40,0,,,,,,,,white
short,development,confirmed by gap,60,0,,,,,,,,white
short,development,not confirmed,20,1,-0.06225009741937604,-0.06225009741937604,0.0,,-0.06163147153002568,0.10612638694595189,-0.04123552461940405,white
short,development,not confirmed,40,1,0.0015888156786506569,0.0015888156786506569,1.0,,0.016462432475234823,-0.11244749411135013,-0.047421576259946585,white
short,development,not confirmed,60,1,0.17312695426127422,0.17312695426127422,1.0,,0.1930222190709231,-0.5240697748740297,-0.030030914481892212,white
short,holdout,edge alone (all),20,2,0.07762792808099972,0.07762792808099972,1.0,,0.05239754741166003,-0.11486260018764849,-0.04031428717254293,white
short,holdout,edge alone (all),40,2,0.059375756351354836,0.059375756351354836,1.0,,0.008446655981263484,-0.0548306809569038,-0.04133760393488489,white
short,holdout,edge alone (all),60,2,-0.051320752516668344,-0.051320752516668344,0.5,,-0.04874272403884583,0.04291440673372143,-0.049583630329264994,white
short,holdout,confirmed by gap,20,2,0.07762792808099972,0.07762792808099972,1.0,,0.05239754741166003,-0.11486260018764849,-0.04031428717254293,white
short,holdout,confirmed by gap,40,2,0.059375756351354836,0.059375756351354836,1.0,,0.008446655981263484,-0.0548306809569038,-0.04133760393488489,white
short,holdout,confirmed by gap,60,2,-0.051320752516668344,-0.051320752516668344,0.5,,-0.04874272403884583,0.04291440673372143,-0.049583630329264994,white
short,holdout,not confirmed,20,0,,,,,,,,white
short,holdout,not confirmed,40,0,,,,,,,,white
short,holdout,not confirmed,60,0,,,,,,,,white
