product,hypothesis,dev_ic,hold_ic,hold_n,p_raw,baseline_hold_ic,hold_ic_5d,p_holm,beats_baseline,significant,stable_sign,PASS
WMAZ,S0 baseline,0.3027031755751903,0.22981507823613084,75,0.0475,,,,,,,
YMAZ,S0 baseline,0.18473856839668149,0.20332859174964438,75,0.11275,,,,,,,
WMAZ,H1,-0.0026847287276898493,0.10642958748221905,75,0.385,0.22981507823613084,0.06608819345661451,1.0,False,False,False,False
WMAZ,H2,0.3030181086519115,0.18827880512091036,75,0.11425,0.22981507823613084,0.28819345661450924,0.6855,False,False,True,False
WMAZ,H3,0.21382206281165247,0.2682219061166429,75,0.024,0.22981507823613084,0.20355618776671408,0.216,True,False,True,False
WMAZ,H4,0.30322806403639224,0.23157894736842102,75,0.04575,0.22981507823613084,0.23396870554765292,0.366,True,False,True,False
YMAZ,H1,-0.11040265479799426,0.054281650071123747,75,0.67175,0.20332859174964438,-0.1324039829302987,1.0,False,False,False,False
YMAZ,H2,0.16904624091581458,0.17624466571834993,75,0.156,0.20332859174964438,0.15098150782361308,0.6855,False,False,True,False
YMAZ,H3,0.031030934465238927,0.23462304409672832,75,0.0595,0.20332859174964438,0.1276813655761024,0.4165,True,False,True,False
YMAZ,H4,0.17911119686153454,0.19655761024182078,75,0.12675,0.20332859174964438,0.1409388335704125,0.6855,False,False,True,False
WMAZ-YMAZ,H5,0.134738867990552,0.04953058321479374,75,0.62825,0.21657183499288762,,1.0,False,False,True,False
