model,hypothesis,dev_ic,hold_ic,hold_n,baseline_hold_ic,baseline_dev_ic,p_raw,p_holm,beats_baseline,significant,stable_sign,PASS
A:WMAZ,W1,0.29297524276091325,0.21741109530583214,75,0.22981507823613084,0.3027031755751903,0.06625,0.6625000000000001,False,False,True,False
A:WMAZ,W2,0.16700201207243462,0.3025889046941678,75,0.22981507823613084,0.3027031755751903,0.012,0.14400000000000002,True,False,True,False
B:WMAZ,W1,0.09411250109351763,0.04830725462304409,75,0.030156472261735418,0.09383256058087656,0.666,1.0,True,False,True,False
B:WMAZ,W2,0.3120461901845858,-0.00864864864864865,75,0.030156472261735418,0.09383256058087656,0.9345,1.0,False,False,False,False
A:YMAZ,W1,0.19580037301434178,0.20944523470839257,75,0.20332859174964438,0.18473856839668149,0.10525,0.864,True,False,True,False
A:YMAZ,W2,0.24525692970609048,0.257325746799431,75,0.20332859174964438,0.18473856839668149,0.0385,0.4235,True,False,True,False
B:YMAZ,W1,0.1893313847278042,-0.0267425320056899,75,-0.0761877667140825,0.1679941541834125,0.8185,1.0,True,False,False,False
B:YMAZ,W2,0.1812933869199854,-0.12497866287339972,75,-0.0761877667140825,0.1679941541834125,0.26,1.0,False,False,False,False
C:WMAZ-YMAZ,W1,0.07819088443705713,0.1665149359886202,75,0.15322901849217638,0.056460502143294546,0.096,0.864,True,False,True,False
C:WMAZ-YMAZ,W2,0.014119499606333652,0.0062304409672830725,75,0.15322901849217638,0.056460502143294546,0.948,1.0,False,False,True,False
D:YMAZ,W1,0.18795420927390832,0.1597439544807966,75,0.14640113798008536,0.19750466267927203,0.118,0.864,True,False,True,False
D:YMAZ,W2,0.20406457006881473,0.12076813655761025,75,0.14640113798008536,0.19750466267927203,0.2345,1.0,False,False,True,False
