period,T,product,trades,hit_rate,avg_net_pct,avg_net_r_t,avg_days,worst_trade_dd_pct,total_pct,ann_ret_pct,ann_vol_pct,sharpe,max_dd_pct,time_in_mkt
last 5y (Sep 2021 – Sep 2026),1.0,WMAZ,4,0.25,1.6774514143169834,216.0628130404175,108.0,-13.775707228569534,6.709805657267934,1.3537798443807199,14.562004149250535,0.0929665882872582,-26.997910407964664,0.33386709367493994
last 5y (Sep 2021 – Sep 2026),1.0,YMAZ,7,0.7142857142857143,5.321019764055336,258.7783827993766,65.14285714285714,-21.083975993696424,37.247138348387345,7.515035119130194,12.811782685508957,0.586572165919598,-21.083975993696424,0.355484387510008
last 5y (Sep 2021 – Sep 2026),1.0,WMAZ+YMAZ,11,0.5454545454545454,3.9960858186959345,243.24544834157325,80.72727272727273,-21.083975993696424,21.97847200282764,4.434407481755456,11.930739447583246,0.37167918227010766,-21.60572127860777,0.4499599679743795
last 5y (Sep 2021 – Sep 2026),1.5,WMAZ,2,0.0,-11.677275578394013,-546.1010625401099,125.5,-13.56296684876719,-23.354551156788027,-4.712047150929209,8.87290634035824,-0.5310601701605432,-33.544116083215606,0.1945556445156125
last 5y (Sep 2021 – Sep 2026),1.5,YMAZ,2,0.5,12.34025488944462,904.2081383675417,125.0,-14.828953452697547,24.68050977888924,4.979574430968845,9.302315829557399,0.5353048125012727,-18.88258443131662,0.19615692554043235
last 5y (Sep 2021 – Sep 2026),1.5,WMAZ+YMAZ,4,0.25,0.33148965552530285,179.0535379137159,125.25,-14.828953452697547,0.6629793110506071,0.13376364001981828,7.66776049100425,0.017444942389208507,-20.459279447951534,0.3098478783026421
check (2013 – Aug 2021),1.0,WMAZ,6,0.3333333333333333,-3.0135661664505418,16.168015137033876,104.66666666666667,-45.48664820203941,-18.081396998703266,-2.104624500541904,13.988189107873911,-0.15045725249433592,-62.57554196495796,0.279445727482679
check (2013 – Aug 2021),1.0,YMAZ,8,0.25,-4.372007846680315,-58.330357211596954,92.25,-20.96998653016002,-34.976062773442514,-4.071116775476911,12.123149855159136,-0.3358134498143157,-47.11077682797806,0.32840646651270206
check (2013 – Aug 2021),1.0,WMAZ+YMAZ,14,0.2857142857142857,-3.789818555153269,-26.40248334789803,97.57142857142857,-45.48664820203941,-26.528729886072888,-3.0878706380094076,11.75315142181098,-0.2627270361104235,-52.06522153557288,0.3695150115473441
check (2013 – Aug 2021),1.5,WMAZ,4,0.25,-0.623295565322894,146.44403983956008,125.75,-23.640136626027886,-2.493182261291577,-0.29019950570229897,12.379410219505488,-0.02344211077560458,-40.72903038894643,0.22448036951501155
check (2013 – Aug 2021),1.5,YMAZ,4,0.5,-3.31829572987064,-38.95174270641128,100.5,-20.66824012650454,-13.273182919482556,-1.5449617070252213,8.932744372573334,-0.17295487731282194,-28.74514621168347,0.18060046189376444
check (2013 – Aug 2021),1.5,WMAZ+YMAZ,8,0.375,-1.9707956475967667,53.74614856657441,113.125,-23.640136626027886,-7.88318259038707,-0.9175806063637606,9.07964250087449,-0.1010591117739917,-27.44651012129985,0.2956120092378753
