grain_class,rule,period,start,end,days,ann_return,ann_vol,sharpe,sharpe_daily,max_drawdown,time_in_market,entries,hit_rate_per_trade,avg_days_per_trade,cost_total,skew,kurtosis,deflated_sharpe
yellow,T0 desk rule (export zone),full,2015-05-01,2026-09-30,2827,-0.10219212694427532,0.17543168048803692,-0.5825180871549825,-0.03669519030497934,-1.2651855830679122,0.6186770428015564,80,0.575,21.8625,0.5595850532598938,-0.2931533938648364,12.826926559523521,0.021234100341756632
yellow,T0 desk rule (export zone),development,2015-05-01,2022-12-31,1912,-0.11177702472060425,0.1733950609686087,-0.644637881241844,-0.040608369510893055,-0.9842589443570239,0.62081589958159,56,0.5357142857142857,21.196428571428573,0.4128196585285208,-0.5060005902101136,16.26653121684741,0.021234100341756632
yellow,T0 desk rule (export zone),holdout,2023-01-01,2026-09-30,915,-0.08216335694608852,0.17970241703728726,-0.45721898625904445,-0.02880208886520214,-0.3742141116079499,0.614207650273224,25,0.64,22.48,0.14676539473137307,0.10550561956284069,6.574366491188121,0.021234100341756632
yellow,T1 export zone & S1 > 0,full,2015-05-01,2026-09-30,2827,-0.09051817195961798,0.15024528379397217,-0.6024693066821547,-0.03795199900072585,-1.0676212428742793,0.39228864520693313,115,0.4956521739130435,9.643478260869566,0.7206506602236625,-0.57842011771302,20.89333214102474,0.017669676064961257
yellow,T1 export zone & S1 > 0,development,2015-05-01,2022-12-31,1912,-0.10291730468142209,0.14969118844092527,-0.6875308142939741,-0.0433103703170378,-0.8620224671423152,0.36767782426778245,73,0.4794520547945205,9.63013698630137,0.49702142719505754,-0.9626940872803882,27.355215064164778,0.017669676064961257
yellow,T1 export zone & S1 > 0,holdout,2023-01-01,2026-09-30,915,-0.0646087274087005,0.15146576742511875,-0.4265566306303608,-0.026870542017465984,-0.3036998435858377,0.44371584699453553,43,0.5348837209302325,9.44186046511628,0.22362923302860505,0.1962502976643263,8.013812330308802,0.017669676064961257
yellow,T2 export zone & S2 > 0,full,2015-05-01,2026-09-30,2827,-0.09137941826616215,0.16352921884805427,-0.55879566300056,-0.0352008180476414,-1.1596167386453888,0.5143261407852847,112,0.5267857142857143,12.982142857142858,0.7128265379922225,-0.36734591301896413,15.795318296931349,0.025544276445881482
yellow,T2 export zone & S2 > 0,development,2015-05-01,2022-12-31,1912,-0.1060942130591696,0.16148981174301108,-0.6569715569921155,-0.041385318053429404,-1.0017317821497862,0.4989539748953975,70,0.5285714285714286,13.628571428571428,0.47702200585589116,-0.7519487325393234,20.86560290471892,0.025544276445881482
yellow,T2 export zone & S2 > 0,holdout,2023-01-01,2026-09-30,915,-0.06063112575880672,0.16778377490002286,-0.36136465397166634,-0.022763833500427103,-0.31176247312456706,0.546448087431694,43,0.5348837209302325,11.627906976744185,0.23580453213633135,0.3477441892448413,6.639972362921723,0.025544276445881482
yellow,T3 export zone & S3 > 0,full,2015-05-01,2026-09-30,2827,-0.07558612598299928,0.13000866195058705,-0.5813929998889431,-0.03662431646904635,-0.9480672671664204,0.3671736823487796,145,0.5655172413793104,7.158620689655172,0.9040215877853242,0.49855126175561343,14.402924904951792,0.022984773104709807
yellow,T3 export zone & S3 > 0,development,2015-05-01,2022-12-31,1912,-0.08007833887345617,0.12608739640849773,-0.6351018512113495,-0.040007656083380395,-0.6888653842542857,0.3655857740585774,98,0.5510204081632653,7.13265306122449,0.6522703317490542,0.4722918075363475,17.427840807037644,0.022984773104709807
yellow,T3 export zone & S3 > 0,holdout,2023-01-01,2026-09-30,915,-0.06619911937474401,0.1379125136973181,-0.480008068883682,-0.030237666132632953,-0.29461496468833753,0.3704918032786885,48,0.6041666666666666,7.0625,0.25175125603626985,0.5356634048407118,9.767021476705203,0.022984773104709807
yellow,T4 short arb (import zone),full,2015-05-01,2026-09-30,2827,0.0,0.0,,,0.0,0.0,0,,,0.0,0.0,3.0,
yellow,T4 short arb (import zone),development,2015-05-01,2022-12-31,1912,0.0,0.0,,,0.0,0.0,0,,,0.0,0.0,3.0,
yellow,T4 short arb (import zone),holdout,2023-01-01,2026-09-30,915,0.0,0.0,,,0.0,0.0,0,,,0.0,0.0,3.0,
white,T0 desk rule (export zone),full,2015-05-01,2026-09-30,2827,-0.014254679535845922,0.21039678008549814,-0.06775141487456844,-0.0042679379697826295,-0.895072217085782,0.5733993632826317,112,0.6785714285714286,14.473214285714286,0.7014732460103392,-0.1147460985479493,9.769481572412694,0.10205622403792275
white,T0 desk rule (export zone),development,2015-05-01,2022-12-31,1912,-0.05931120842211294,0.2102832125680693,-0.28205393905570914,-0.017767728072561297,-0.8530696035759733,0.5842050209205021,78,0.6410256410256411,14.320512820512821,0.5214779723177686,-0.3694538081308317,11.017543365834513,0.10205622403792275
white,T0 desk rule (export zone),holdout,2023-01-01,2026-09-30,915,0.07989623109862685,0.2106254016451353,0.3793285637657189,0.023895453450176164,-0.31091553586872994,0.5508196721311476,35,0.7428571428571429,14.4,0.17999527369257062,0.41517909928832497,7.138914194919538,0.10205622403792275
white,T1 export zone & S1 > 0,full,2015-05-01,2026-09-30,2827,-0.04750547901470633,0.18362351700823165,-0.2587113011923016,-0.016297280102779955,-0.9252879089062032,0.3979483551467987,129,0.6124031007751938,8.720930232558139,0.7990953175992689,-0.22335965222694837,14.108461441882149,0.027953035104988307
white,T1 export zone & S1 > 0,development,2015-05-01,2022-12-31,1912,-0.07654157596791356,0.17884758623031227,-0.4279709756291963,-0.026959637377822334,-0.85794066905278,0.3723849372384937,83,0.5662650602409639,8.578313253012048,0.5622409673911287,-0.6417782657074695,18.104787565228484,0.027953035104988307
white,T1 export zone & S1 > 0,holdout,2023-01-01,2026-09-30,915,0.013168856913744241,0.19326753613274977,0.06813796655791661,0.004292288436997216,-0.3011805474017405,0.45136612021857925,47,0.6808510638297872,8.787234042553191,0.23685435020814016,0.462862111932666,7.75967650239715,0.027953035104988307
white,T2 export zone & S2 > 0,full,2015-05-01,2026-09-30,2827,-0.039838287812926275,0.1990822043496703,-0.2001097383016407,-0.012605728630198999,-0.808387446936306,0.4782454899186417,139,0.6258992805755396,9.726618705035971,0.8550478633418785,-0.18254817316277833,11.629812958287598,0.043219774830907096
white,T2 export zone & S2 > 0,development,2015-05-01,2022-12-31,1912,-0.0641265404136407,0.19834937548908121,-0.3233009443842225,-0.020366045177928022,-0.7935288291552082,0.4801255230125523,92,0.6195652173913043,9.978260869565217,0.6163428047249491,-0.4900600640986291,13.327118475671798,0.043219774830907096
white,T2 export zone & S2 > 0,holdout,2023-01-01,2026-09-30,915,0.010914869534140453,0.20067611704086616,0.0543904760321714,0.0034262779350367777,-0.3011805474017405,0.4743169398907104,48,0.625,9.041666666666666,0.23870505861692948,0.4375480764750421,8.22838121799108,0.043219774830907096
white,T3 export zone & S3 > 0,full,2015-05-01,2026-09-30,2827,-0.025054237627446654,0.15657949794973153,-0.1600096944715591,-0.010079663307885048,-0.7933891440631449,0.3409975238769013,154,0.5974025974025974,6.259740259740259,0.9480379205640177,0.4692402764074057,12.085658344716876,0.057668887300011386
white,T3 export zone & S3 > 0,development,2015-05-01,2022-12-31,1912,-0.04513470425844392,0.1611769025623278,-0.2800320861172409,-0.017640363309162913,-0.7596542151329139,0.3655857740585774,111,0.5765765765765766,6.297297297297297,0.735508405851109,0.4262085973155873,12.647287726650127,0.057668887300011386
white,T3 export zone & S3 > 0,holdout,2023-01-01,2026-09-30,915,0.016906256578527974,0.1465580167945483,0.11535538586215952,0.007266706271027864,-0.2323268151272628,0.2896174863387978,44,0.6363636363636364,6.0227272727272725,0.21252951471290862,0.5966726285477887,10.072791768199464,0.057668887300011386
white,T4 short arb (import zone),full,2015-05-01,2026-09-30,2827,0.00403965645580356,0.010328330881846218,0.3911238419853432,0.024638486136222416,-0.0019006420862398424,0.0007074637424831977,1,1.0,2.0,0.0038747270836368766,40.91397403205927,1751.9437975740368,0.700575381147506
white,T4 short arb (import zone),development,2015-05-01,2022-12-31,1912,0.005972860251337167,0.012558066050602303,0.47561943274304574,0.029961208041612144,-0.0019006420862398424,0.0010460251046025104,1,1.0,2.0,0.0038747270836368766,33.641603246065415,1185.2845792842159,0.700575381147506
white,T4 short arb (import zone),holdout,2023-01-01,2026-09-30,915,0.0,0.0,,,0.0,0.0,0,,,0.0,0.0,3.0,0.700575381147506
