grain_class,period,zone,start,end,n,effective_n,mean_fwd_arb_20,nw_t,hit_rate
yellow,full,export_zone,2015-05-01,2026-09-30,1730,86.5,-0.004828415835917878,-0.9220223256823366,0.46936416184971097
yellow,full,import_zone,2015-05-01,2026-09-30,0,,,,
yellow,development,export_zone,2015-05-01,2022-12-31,1189,59.45,-0.008244912738286021,-1.4092781392222669,0.4600504625735913
yellow,development,import_zone,2015-05-01,2022-12-31,0,,,,
yellow,holdout,export_zone,2023-01-01,2026-09-30,541,27.05,0.0026802991676232,0.2545714645695757,0.4898336414048059
yellow,holdout,import_zone,2023-01-01,2026-09-30,0,,,,
white,full,export_zone,2015-05-01,2026-09-30,1619,80.95,0.00356833831964529,0.475322091183872,0.5225447807288449
white,full,import_zone,2015-05-01,2026-09-30,2,,,,
white,development,export_zone,2015-05-01,2022-12-31,1119,55.95,-0.002222308909010141,-0.2666758582018523,0.5102770330652369
white,development,import_zone,2015-05-01,2022-12-31,2,,,,
white,holdout,export_zone,2023-01-01,2026-09-30,500,25.0,0.01652780681737614,1.087049639379629,0.55
white,holdout,import_zone,2023-01-01,2026-09-30,0,,,,
