bin,stu_low,stu_high,weeks,mean_position,p25,p75,grain_class,stu,spearman_full_sample
0,0.04766695733823711,0.23262481830764545,163,0.3589694280630099,0.14055609409695077,0.528987070592392,white,stu_total,-0.046062881512271565
1,0.2341917024320458,0.3509162203230102,157,0.5545407274970815,0.20155136434798054,0.9957332200491346,white,stu_total,-0.046062881512271565
2,0.350942285766742,0.48076406351971884,158,0.6093714670596673,0.1670213528467183,1.0039422616445957,white,stu_total,-0.046062881512271565
3,0.48202415798578935,0.6206945415383452,161,0.5488221873426352,0.24768998898312147,0.891413952769325,white,stu_total,-0.046062881512271565
4,0.6216556946630539,1.173311170571707,157,0.2726430130038558,0.10341393528753985,0.3564089736195896,white,stu_total,-0.046062881512271565
0,0.05761301945928788,0.2847393405620113,161,0.3411647256508842,0.1296932714159274,0.5098772731518117,white,stu_domestic,-0.02875497657569288
1,0.28616247704124625,0.4379638270218803,161,0.5505025220744437,0.17945529256731,0.9243188226550487,white,stu_domestic,-0.02875497657569288
2,0.439552684617469,0.5799688244196646,156,0.6804588071332339,0.2001556529818393,1.031501368772805,white,stu_domestic,-0.02875497657569288
3,0.5872641509433962,0.7337351901891499,160,0.5169747465309953,0.23294840108492665,0.8639632980407647,white,stu_domestic,-0.02875497657569288
4,0.7410624427543192,1.3699677799651815,158,0.25693017562650594,0.10406618411926591,0.35630938530688583,white,stu_domestic,-0.02875497657569288
0,0.0268793607811037,0.2756802790829317,159,0.39415842154425534,0.14459787635915078,0.6209210968246821,white,stu_domestic_nowcast,-0.08430380782899947
1,0.2798000918954653,0.42025567609562997,158,0.6024272363910259,0.14952737182022166,1.0152890638075636,white,stu_domestic_nowcast,-0.08430380782899947
2,0.42275550891365116,0.5792876976474696,158,0.590179981409332,0.2010002664482236,0.9943683338589293,white,stu_domestic_nowcast,-0.08430380782899947
3,0.5803633981098268,0.7447987658224515,158,0.47885945911412664,0.23690602823757123,0.7722541694887883,white,stu_domestic_nowcast,-0.08430380782899947
4,0.7470967504810674,1.495704196126056,159,0.2616340668466211,0.10191659391167728,0.37308647380537435,white,stu_domestic_nowcast,-0.08430380782899947
0,0.03978199544538618,0.17427832487462405,162,0.3668088664894015,0.14319917447258781,0.5740171979234965,yellow,stu_total,0.07704274081760197
1,0.17444318909622125,0.2865219357756671,158,0.5409141776082812,0.2123973752120048,0.8619983050096154,yellow,stu_total,0.07704274081760197
2,0.2904363801502766,0.40257133169498804,163,0.5679945154355472,0.26510518163291164,1.0132712521411036,yellow,stu_total,0.07704274081760197
3,0.40994471202691163,0.5234765093576172,157,0.5815311743597902,0.3164505150204217,0.9039217302372926,yellow,stu_total,0.07704274081760197
4,0.5253115001547466,0.7820390691729877,160,0.40781633677757245,0.2639120419842933,0.49910030036761344,yellow,stu_total,0.07704274081760197
0,0.04515826734936936,0.21819105116543824,164,0.4562670918742886,0.2516889167843155,0.6283789837527737,yellow,stu_domestic,0.009148928598751148
1,0.2198590666297154,0.3703382281694116,156,0.5146337207944017,0.17944877970847053,0.8486260685304471,yellow,stu_domestic,0.009148928598751148
2,0.3717389497883947,0.5247641094467086,161,0.5864179528163121,0.22119032918874665,1.0429898811818912,yellow,stu_domestic,0.009148928598751148
3,0.5249884312818139,0.6667431925529611,159,0.508394042733231,0.2978037401231045,0.5920433423172415,yellow,stu_domestic,0.009148928598751148
4,0.6892692982111976,1.0644256690988776,160,0.39789364999352717,0.25156102458609914,0.4952294345207195,yellow,stu_domestic,0.009148928598751148
0,0.033934730595927984,0.21627314242468867,159,0.46677225504088005,0.20922505242649525,0.6996674166180258,yellow,stu_domestic_nowcast,-0.04113924481158742
1,0.2162886562360926,0.36462183303440177,159,0.5502684597508861,0.20201404066138606,0.8885116351839462,yellow,stu_domestic_nowcast,-0.04113924481158742
2,0.3650475384116121,0.5201415856911609,158,0.5750805020769487,0.28954904677760407,1.0272178000464356,yellow,stu_domestic_nowcast,-0.04113924481158742
3,0.5259459547959876,0.6971843351173037,159,0.46512568704929025,0.30342199454625807,0.5379622176108343,yellow,stu_domestic_nowcast,-0.04113924481158742
4,0.6986990146535327,1.0614984269002357,159,0.3909564121862835,0.245888138843818,0.49216187018037405,yellow,stu_domestic_nowcast,-0.04113924481158742
