model,stu,min_seasons,weeks,oos_r2,first_oos_week,oos_r2_half1,slope_half1,oos_r2_half2,slope_half2,weeks_mid,oos_r2_mid,weeks_edge,oos_r2_edge,grain_class
linear,stu_total,5,487,0.12039291520108508,2017-05-05,0.11941091846565077,-0.6749626121388648,0.12238455114296865,-0.8711900839244444,240,-0.21110375321204455,247,0.21311514342989957,white
log,stu_total,5,487,-0.05234584877772375,2017-05-05,-0.1134948481104383,-0.028876210886542557,0.071673448320411,-0.14203453070074246,240,-0.14983177810817794,247,-0.025078266778343128,white
logistic,stu_total,5,487,-0.0536539565202967,2017-05-05,-0.11879324657558077,0.04777409188499674,0.07845824571169946,-0.6121929579608557,240,-0.1382811662169101,247,-0.02998305964697434,white
isotonic,stu_total,5,487,0.08736273513936899,2017-05-05,0.1645273806087848,,-0.06913868264955192,,240,-0.003554857050814153,247,0.1127931015241268,white
linear,stu_domestic,5,487,0.15694195579384285,2017-05-05,0.18923503056355617,-0.7308923530757284,0.091446780438869,-0.8109223992781128,240,-0.3062085612139587,247,0.28648880206492255,white
log,stu_domestic,5,487,-0.0033962032620273863,2017-05-05,-0.035429859793964846,-0.08682517928042265,0.061572833188720644,-0.17133229031501115,240,-0.16907914664419477,247,0.042946620523934054,white
logistic,stu_domestic,5,487,-0.021494209338573267,2017-05-05,-0.06553909793186063,-0.19991025300476686,0.06783539840175723,-0.7357824934943225,240,-0.14680179751204836,247,0.013555309695938544,white
isotonic,stu_domestic,5,487,0.07194038281858939,2017-05-05,0.1530124666599848,,-0.09248590317153371,,240,-0.0038813952565739385,247,0.09314833113690646,white
linear,stu_domestic_nowcast,5,487,0.19538975704878947,2017-05-05,0.25222772041556196,-0.8525189853371015,0.08124498400283964,-0.8799780768951412,240,-0.3523235463179102,247,0.34717011689980726,white
log,stu_domestic_nowcast,5,487,0.04667525190218358,2017-05-05,0.02984975627560904,-0.16162349441300974,0.080465033694466,-0.21900840554515005,240,-0.17634088979750073,247,0.10847669077850208,white
logistic,stu_domestic_nowcast,5,487,0.004999511153949143,2017-05-05,-0.03602989409249102,-2.094579636728813,0.08739676595782375,-0.9905323359710156,240,-0.24499264757785721,247,0.0742764477903457,white
isotonic,stu_domestic_nowcast,5,487,0.06131281062463767,2017-05-05,0.12204459337804863,,-0.06065172062238888,,240,-0.06513793764279163,247,0.09635439160776582,white
linear,stu_domestic_nowcast,3,591,0.09033453453684404,2015-05-08,0.06719581725424895,-0.7300423995910215,0.1436527849891409,-0.87618247824759,249,-0.4096036960780265,342,0.17885140700205793,white
linear,stu_domestic_nowcast,4,539,0.12040567960594761,2016-05-06,0.11863807110081337,-0.7481356098591785,0.12367509366996654,-0.8805068299063791,249,-0.4096036960780265,290,0.2620633493133261,white
linear,stu_total,5,487,0.10546618816442976,2017-05-05,0.17788921677066416,-1.9069334843191459,0.00035387047200263755,-1.52008219135171,330,-0.1488872514972226,157,0.255578249534285,yellow
log,stu_total,5,487,0.0502945638227732,2017-05-05,0.03765144552989308,-0.26678900643872655,0.06864435521094714,-0.2406619714227724,330,-0.15551354500946024,157,0.17175657158855961,yellow
logistic,stu_total,5,487,0.05868113746627501,2017-05-05,0.049579379257335465,-1.1256745959047576,0.07189111941303039,-1.0283658783250076,330,-0.12730064116854134,157,0.16844221718763353,yellow
isotonic,stu_total,5,487,0.031118293917338113,2017-05-05,0.06764897186103047,,-0.021901088169184568,,330,-0.0014404852450249361,157,0.05033354597860207,yellow
linear,stu_domestic,5,487,0.2214277950169985,2017-05-05,0.21015419488712483,-1.154962099919656,0.2377899143759047,-1.1193866437587,330,0.05380499195951016,157,0.32035393705393844,yellow
log,stu_domestic,5,487,0.12805440480889696,2017-05-05,0.06666325127401107,-0.2332031998996852,0.21715543466154819,-0.3062257638563106,330,-0.05328208681543489,157,0.23507397016455267,yellow
logistic,stu_domestic,5,487,0.13502435036884408,2017-05-05,0.07526960952076456,-0.9341210795440749,0.22175034656822534,-1.360065222003932,330,-0.02676692412910997,157,0.2305088925037998,yellow
isotonic,stu_domestic,5,487,0.05148157859793612,2017-05-05,0.08497785753260256,,0.0028662199108828723,,330,0.0667956856564853,157,0.0424436344614012,yellow
linear,stu_domestic_nowcast,5,487,0.20790957138492938,2017-05-05,0.1879535195079146,-1.2390190878559646,0.2366271906656755,-1.1539151821898088,330,-0.01805843477958402,157,0.34012882289527324,yellow
log,stu_domestic_nowcast,5,487,0.11571298339316538,2017-05-05,0.056962876012300545,-0.2363642265675093,0.20025692158616537,-0.28702448469555836,330,-0.10122501083584123,157,0.2426485602828954,yellow
logistic,stu_domestic_nowcast,5,487,0.1240806201413005,2017-05-05,0.06374430909177364,-0.9316387992668717,0.2109071738205237,-1.2711650693710255,330,-0.061324381629688896,157,0.23256549362638568,yellow
isotonic,stu_domestic_nowcast,5,487,0.029064428557009636,2017-05-05,0.0570100884652196,,-0.011150581242475255,,330,0.043957455064788764,157,0.020350164750350896,yellow
linear,stu_domestic_nowcast,3,591,0.1574216262421907,2015-05-08,0.08044473084590198,-0.9740234571838949,0.28448349475219403,-1.1417260282462756,345,-0.010963927544642704,246,0.2254701296819548,yellow
linear,stu_domestic_nowcast,4,539,0.18695249535430059,2016-05-06,0.12687787614406953,-1.1994571400427667,0.2856785200537385,-1.1498295977558504,345,-0.010963927544642704,194,0.2920274492672741,yellow
