window,signal,outcome,horizon,n,effective_n,ic,nw_t,grain_class
full OOS,signal,position,5,2323,464.6,0.02076983880104621,0.5295135249691111,white
full OOS,signal,position,10,2318,231.8,0.003906160744836042,0.07126589511489334,white
full OOS,signal,position,20,2308,115.4,0.004304773624067513,0.055202163924474246,white
full OOS,signal,position,40,2288,57.2,0.05615364906511917,0.5229442134971327,white
full OOS,signal,return,5,2323,464.6,-0.004252867084684805,-0.10946988006157257,white
full OOS,signal,return,10,2318,231.8,-0.01028414739247799,-0.18984753764544385,white
full OOS,signal,return,20,2308,115.4,0.017823006539582846,0.24438133250815447,white
full OOS,signal,return,40,2288,57.2,0.10452588726831927,1.0523113102063022,white
full OOS,benchmark_signal,position,5,2323,464.6,0.04339326022701798,1.1255319548010325,white
full OOS,benchmark_signal,position,10,2318,231.8,0.04421039921399719,0.818050848127818,white
full OOS,benchmark_signal,position,20,2308,115.4,0.07365704145275735,0.9511724023479312,white
full OOS,benchmark_signal,position,40,2288,57.2,0.17160013119424714,1.6527051280021117,white
full OOS,benchmark_signal,return,5,2323,464.6,-0.026337791600130663,-0.6918887091761284,white
full OOS,benchmark_signal,return,10,2318,231.8,-0.04229868842718981,-0.8208099986380436,white
full OOS,benchmark_signal,return,20,2308,115.4,-0.042005229900203056,-0.5904893258177598,white
full OOS,benchmark_signal,return,40,2288,57.2,-0.010534171557641418,-0.10807751208518838,white
2020-01 to 2026-09,signal,position,5,1661,332.2,0.01290726253612681,0.2767126979737809,white
2020-01 to 2026-09,signal,position,10,1656,165.6,-0.01341434331998308,-0.2050818472818653,white
2020-01 to 2026-09,signal,position,20,1646,82.3,-0.00015959924086123207,-0.0017363716315150091,white
2020-01 to 2026-09,signal,position,40,1626,40.65,0.08328225179656173,0.6679284446038548,white
2020-01 to 2026-09,signal,return,5,1661,332.2,0.014385198686334894,0.3164872444196737,white
2020-01 to 2026-09,signal,return,10,1656,165.6,0.014237940660686678,0.22283398782199332,white
2020-01 to 2026-09,signal,return,20,1646,82.3,0.03909441413218632,0.46124304411069317,white
2020-01 to 2026-09,signal,return,40,1626,40.65,0.1466380464349834,1.250503555437954,white
2020-01 to 2026-09,benchmark_signal,position,5,1661,332.2,0.04021992900344664,0.850590890120956,white
2020-01 to 2026-09,benchmark_signal,position,10,1656,165.6,0.03433392726810642,0.5237171878481623,white
2020-01 to 2026-09,benchmark_signal,position,20,1646,82.3,0.07222126864692939,0.7732143802413125,white
2020-01 to 2026-09,benchmark_signal,position,40,1626,40.65,0.17327318084111767,1.376697126626721,white
2020-01 to 2026-09,benchmark_signal,return,5,1661,332.2,-0.004377526371490246,-0.0956955203737014,white
2020-01 to 2026-09,benchmark_signal,return,10,1656,165.6,-0.013643411343505218,-0.22147108873501997,white
2020-01 to 2026-09,benchmark_signal,return,20,1646,82.3,-0.029034687893932126,-0.3397406068805678,white
2020-01 to 2026-09,benchmark_signal,return,40,1626,40.65,0.0017195770877921946,0.014751172217864011,white
2023-01 to 2026-09,signal,position,5,909,181.8,0.06848217570946233,1.0463272782559851,white
2023-01 to 2026-09,signal,position,10,904,90.4,0.07199538428027112,0.7902460539887087,white
2023-01 to 2026-09,signal,position,20,894,44.7,0.14484905721297334,1.1507385732072841,white
2023-01 to 2026-09,signal,position,40,874,21.85,0.2901377783319797,1.6172778866617226,white
2023-01 to 2026-09,signal,return,5,909,181.8,-0.01805537914492423,-0.29278215804588276,white
2023-01 to 2026-09,signal,return,10,904,90.4,-0.004973179758264267,-0.05904363279232891,white
2023-01 to 2026-09,signal,return,20,894,44.7,0.017226615568587123,0.14945344850361028,white
2023-01 to 2026-09,signal,return,40,874,21.85,0.056183534193471434,0.3436284051343678,white
2023-01 to 2026-09,benchmark_signal,position,5,909,181.8,0.0709050113027956,1.1381278723109132,white
2023-01 to 2026-09,benchmark_signal,position,10,904,90.4,0.06858518346819943,0.8076029528830836,white
2023-01 to 2026-09,benchmark_signal,position,20,894,44.7,0.130172909052335,1.0667247121302097,white
2023-01 to 2026-09,benchmark_signal,position,40,874,21.85,0.25537754740953683,1.4956759199014866,white
2023-01 to 2026-09,benchmark_signal,return,5,909,181.8,-0.06609960168210267,-1.1477362454181623,white
2023-01 to 2026-09,benchmark_signal,return,10,904,90.4,-0.10370474249813463,-1.3688254649435234,white
2023-01 to 2026-09,benchmark_signal,return,20,894,44.7,-0.13119176924343298,-1.2910073877229995,white
2023-01 to 2026-09,benchmark_signal,return,40,874,21.85,-0.13397331188997424,-0.9474310059899818,white
full OOS,signal,position,5,2323,464.6,0.002966915383553273,0.07767545827906011,yellow
full OOS,signal,position,10,2318,231.8,0.002311316513807933,0.0423809978283309,yellow
full OOS,signal,position,20,2308,115.4,0.022294405287749175,0.2837692848784428,yellow
full OOS,signal,position,40,2288,57.2,0.056587746203564375,0.5019829833361673,yellow
full OOS,signal,return,5,2323,464.6,-0.03597923612206917,-0.92737987133855,yellow
full OOS,signal,return,10,2318,231.8,-0.04576784569720612,-0.8571857441281505,yellow
full OOS,signal,return,20,2308,115.4,-0.04196567726794019,-0.573784560778719,yellow
full OOS,signal,return,40,2288,57.2,0.0042671908540190704,0.04338684573320558,yellow
full OOS,benchmark_signal,position,5,2323,464.6,0.025055943671389944,0.6317899623396996,yellow
full OOS,benchmark_signal,position,10,2318,231.8,0.03892610077066257,0.6860519545180991,yellow
full OOS,benchmark_signal,position,20,2308,115.4,0.07119580475292635,0.8840472587074036,yellow
full OOS,benchmark_signal,position,40,2288,57.2,0.1690116855541293,1.4903346752337177,yellow
full OOS,benchmark_signal,return,5,2323,464.6,-0.02740283783732557,-0.7017461243645902,yellow
full OOS,benchmark_signal,return,10,2318,231.8,-0.028363181209027432,-0.5298598343496916,yellow
full OOS,benchmark_signal,return,20,2308,115.4,-0.027860056913010127,-0.37851495247246203,yellow
full OOS,benchmark_signal,return,40,2288,57.2,-0.005537815025073691,-0.05490512433316,yellow
2020-01 to 2026-09,signal,position,5,1661,332.2,0.009355834891914225,0.20195890715167225,yellow
2020-01 to 2026-09,signal,position,10,1656,165.6,0.006552389779544423,0.09854750162117694,yellow
2020-01 to 2026-09,signal,position,20,1646,82.3,0.02950350923443995,0.3072406684254488,yellow
2020-01 to 2026-09,signal,position,40,1626,40.65,0.07609924142359953,0.5551567094627243,yellow
2020-01 to 2026-09,signal,return,5,1661,332.2,0.001488880645865431,0.031599946097625196,yellow
2020-01 to 2026-09,signal,return,10,1656,165.6,-0.004593924420900284,-0.07024890591892013,yellow
2020-01 to 2026-09,signal,return,20,1646,82.3,-0.0017190941028792195,-0.01912699783908774,yellow
2020-01 to 2026-09,signal,return,40,1626,40.65,0.07048980472689696,0.5727586958032089,yellow
2020-01 to 2026-09,benchmark_signal,position,5,1661,332.2,0.03319205790313833,0.686921911890759,yellow
2020-01 to 2026-09,benchmark_signal,position,10,1656,165.6,0.04403904659371656,0.6422610566161446,yellow
2020-01 to 2026-09,benchmark_signal,position,20,1646,82.3,0.08482154549792281,0.8723581469138407,yellow
2020-01 to 2026-09,benchmark_signal,position,40,1626,40.65,0.1826392275818177,1.3267459235107457,yellow
2020-01 to 2026-09,benchmark_signal,return,5,1661,332.2,-0.0020217894872546585,-0.043131719885916325,yellow
2020-01 to 2026-09,benchmark_signal,return,10,1656,165.6,-0.0027219240341146973,-0.04219204984905038,yellow
2020-01 to 2026-09,benchmark_signal,return,20,1646,82.3,-0.013109126162982026,-0.14542734578114297,yellow
2020-01 to 2026-09,benchmark_signal,return,40,1626,40.65,0.017591546010491073,0.14085437508005752,yellow
2023-01 to 2026-09,signal,position,5,909,181.8,0.020611605140762906,0.3190347170040958,yellow
2023-01 to 2026-09,signal,position,10,904,90.4,0.026939407145756586,0.30076596167217834,yellow
2023-01 to 2026-09,signal,position,20,894,44.7,0.07507245078273884,0.5974806757838222,yellow
2023-01 to 2026-09,signal,position,40,874,21.85,0.14260279115538735,0.7808147412726405,yellow
2023-01 to 2026-09,signal,return,5,909,181.8,-0.07787430434963911,-1.2617168015848756,yellow
2023-01 to 2026-09,signal,return,10,904,90.4,-0.10708040989153973,-1.280102202008178,yellow
2023-01 to 2026-09,signal,return,20,894,44.7,-0.10954633971733095,-0.9816881604279935,yellow
2023-01 to 2026-09,signal,return,40,874,21.85,-0.07547784746491958,-0.49131769480981735,yellow
2023-01 to 2026-09,benchmark_signal,position,5,909,181.8,0.05796404929741172,0.8746407895802915,yellow
2023-01 to 2026-09,benchmark_signal,position,10,904,90.4,0.08177615870954769,0.8794068124861801,yellow
2023-01 to 2026-09,benchmark_signal,position,20,894,44.7,0.14396883630710122,1.0718810258955618,yellow
2023-01 to 2026-09,benchmark_signal,position,40,874,21.85,0.26497363983692984,1.3756094532489458,yellow
2023-01 to 2026-09,benchmark_signal,return,5,909,181.8,-0.0848543338140756,-1.3598052007171177,yellow
2023-01 to 2026-09,benchmark_signal,return,10,904,90.4,-0.11216367917890543,-1.3331727814709053,yellow
2023-01 to 2026-09,benchmark_signal,return,20,894,44.7,-0.13588248853520915,-1.133994794000736,yellow
2023-01 to 2026-09,benchmark_signal,return,40,874,21.85,-0.10434747559171348,-0.5933512469489262,yellow
