year,outcome,horizon,n,effective_n,ic,nw_t,grain_class
2017,position,20,166,8.3,-0.09239396344222837,-0.41349171203056606,white
2017,return,20,166,8.3,-0.08625246768237894,-0.4413993759122682,white
2018,position,20,248,12.4,0.2270093827051709,1.4230725048820037,white
2018,return,20,248,12.4,0.33226677072669786,1.8378780627510225,white
2019,position,20,248,12.4,0.39548424860471,2.9659798666734285,white
2019,return,20,248,12.4,0.006043764977632877,0.026953640787389585,white
2020,position,20,252,12.6,0.06674375338847884,0.3415464356335613,white
2020,return,20,252,12.6,0.11620973287351255,0.5149195444188135,white
2021,position,20,250,12.5,-0.4183366773868382,-3.202002882092558,white
2021,return,20,250,12.5,0.01727989247827965,0.11182448438685753,white
2022,position,20,250,12.5,0.09532606921710746,0.41823006309250926,white
2022,return,20,250,12.5,0.407086065377046,2.230233663722672,white
2023,position,20,248,12.4,0.09331645505884055,0.42428198771192854,white
2023,return,20,248,12.4,-0.09356427931918347,-0.47084401787243607,white
2024,position,20,250,12.5,0.5861965151442423,4.04953015099148,white
2024,return,20,250,12.5,0.6515052080833292,4.828963449846593,white
2025,position,20,250,12.5,0.5143121009936159,2.6702179336229364,white
2025,return,20,250,12.5,0.8004942159074544,12.38562417648285,white
2026,position,20,146,7.3,-0.06927592954990215,-0.3148529466579365,white
2026,return,20,146,7.3,0.18477244464153164,0.7786725359861384,white
2017,position,20,166,8.3,0.06622242918325454,0.30421445138861003,yellow
2017,return,20,166,8.3,0.5094070347803845,2.6869331802838814,yellow
2018,position,20,248,12.4,0.0045363640798009855,0.019408609625761325,yellow
2018,return,20,248,12.4,-0.24562732691783545,-1.317527737837536,yellow
2019,position,20,248,12.4,0.3379929539235694,2.994711564772051,yellow
2019,return,20,248,12.4,0.17692842678012558,0.9760970792020301,yellow
2020,position,20,252,12.6,0.26095280088004846,1.3652175464504974,yellow
2020,return,20,252,12.6,0.2147232639177902,1.1181257158316584,yellow
2021,position,20,250,12.5,-0.28217731483703734,-1.757339175001048,yellow
2021,return,20,250,12.5,-0.1593414294628714,-0.9232958026495298,yellow
2022,position,20,250,12.5,0.2945676570825133,1.451848837874119,yellow
2022,return,20,250,12.5,-0.14532520520328324,-0.5502951389630153,yellow
2023,position,20,248,12.4,0.3419227386232929,2.0424875396143487,yellow
2023,return,20,248,12.4,0.08380865764219211,0.4487057399149791,yellow
2024,position,20,250,12.5,0.48454471271540334,2.498524933543258,yellow
2024,return,20,250,12.5,0.56913281812509,3.16116272150756,yellow
2025,position,20,250,12.5,0.2861356501704027,1.522689611055809,yellow
2025,return,20,250,12.5,0.3577663049520164,2.470537885251854,yellow
2026,position,20,146,7.3,0.3652164692045926,3.493631720500532,yellow
2026,return,20,146,7.3,0.32863794549468345,1.7536462764774057,yellow
