period,weeks,oos_r2,mean_abs_error,mean_abs_error_naive,grain_class
2017,34,0.6651081553289896,0.35358108686839246,0.6422102282779483,white
2018,52,0.292371827209024,0.3983532698819755,0.4823239440761152,white
2019,52,-0.379622845053045,0.35298813201606904,0.3106543099066076,white
2020,53,-0.2511600847048405,0.3696636384445236,0.34056205384732896,white
2021,52,0.28229572446849527,0.3683525386411547,0.4508890616228899,white
2022,52,-0.20876291520004608,0.36480476696711917,0.32251094654859586,white
2023,52,0.11555526336508803,0.339771498835935,0.3539207846979257,white
2024,52,0.16615419962317368,0.32653387784344007,0.3568866954198072,white
2025,52,0.13119913068251499,0.12183576324144743,0.1376120201981042,white
2026,36,0.5646851469936492,0.08737239058364403,0.19845330120794072,white
2020-01 to 2026-09,349,0.07997071755977236,0.2918197652323322,0.31383588005368224,white
2023-01 to 2026-09,192,0.17481970451568218,0.2298372152963227,0.2669902753120281,white
2017,34,0.05905344295606174,0.5290761468424432,0.5459401649493422,yellow
2018,52,0.7910117104109591,0.12889869888614225,0.38878534861338604,yellow
2019,52,-0.13825638960330933,0.2292748956178755,0.24716857480059215,yellow
2020,53,-0.9529710132281037,0.36619270787874475,0.2486685574791071,yellow
2021,52,0.41070864627895,0.27302374004961016,0.3878181995156077,yellow
2022,52,0.458662733534526,0.17356361987611177,0.2617282909712857,yellow
2023,52,0.3740381867333551,0.2644561866976434,0.3425600962213222,yellow
2024,52,-0.02818517002731058,0.3749188131782154,0.3590916569520385,yellow
2025,52,0.39949759810775676,0.1279165887989401,0.14752539437334292,yellow
2026,36,-0.5304839282829588,0.09476495878862373,0.08397636478512079,yellow
2020-01 to 2026-09,349,0.14886900688278937,0.2462505941581404,0.269731266064195,yellow
2023-01 to 2026-09,192,0.18632984408500974,0.22557656837229167,0.24573104585777572,yellow
