white,yellow
0.9849969692057774,0.9796003960276222
0.965617631581561,0.9558563577850804
0.9431274196263575,0.925614313612374
0.9183267722090102,0.8946204382335767
0.8888150313565262,0.8606868881454792
0.8565859353620456,0.8251585703352892
0.8250288244275762,0.7929364481811424
0.7958689644920205,0.7622321167217715
0.7700770821288255,0.7355059011134131
0.7446452186835725,0.7084883293061429
0.7221651224288461,0.6856482515510756
0.7042770683184832,0.6671297374138364
0.6898383958080802,0.6510657324457603
0.6757101785695055,0.6350171475457382
0.6639795420623354,0.6183928236284112
0.6523541752291149,0.6019543933617725
0.6405505385544288,0.5830784209335882
0.6292110042706771,0.5613297623115001
0.618439592316424,0.5384327594720056
0.6050626812629475,0.5097266269277807
0.5923437432883546,0.48108658188028275
0.5806158624663084,0.45297241953606676
0.5714751929504704,0.42732121246978066
0.5668024578180036,0.4059835018458644
0.5641710087328486,0.3865053834910235
0.5644366803985997,0.3721341865828495
