row,date,side,group,position,gap,z,fwd_arb_20,fwd_safex_20,position_change_20,from_safex_20,from_edges_20,fwd_arb_40,fwd_safex_40,position_change_40,from_safex_40,from_edges_40,fwd_arb_60,fwd_safex_60,position_change_60,from_safex_60,from_edges_60,grain_class,window
2988,2021-05-03,long,combined (extreme AND z agrees),0.012810650614394868,0.46780949826422463,1.3277829484334416,0.024538482749777768,-0.07094388088535719,0.045642236105666915,-0.07733857620206835,0.12298081230773528,0.02894074966108917,-0.11527331514043127,0.0783566164105835,-0.1232723334428049,0.20162894985338842,0.0663223891280127,-0.08200431634159266,0.16885424604429497,-0.047772536533345886,0.21662678257764084,yellow,3m
3195,2022-02-24,long,combined (extreme AND z agrees),0.06206108452237009,0.3227973602134137,2.911852178386332,-0.002938809980927992,0.04792895685580678,0.04557729216711448,0.1734872312233494,-0.1279099390562349,-0.088522313702037,0.15224849579428668,-0.11481153099209289,0.4383029169662991,-0.5531144479583919,-0.0009034353173345,0.15187027756420757,0.04606212138809729,0.44674177057837894,-0.40067964919028165,yellow,3m
3232,2022-04-21,long,combined (extreme AND z agrees),0.0734990970591773,0.264417196911017,1.0725617836038803,0.061163334743687736,0.055018603974675395,0.11451554840362325,0.13147767030112628,-0.016962121897503027,0.039830996100427285,-0.003668377596957484,0.10904887745240087,0.020693361265967408,0.08835551618643346,0.10432749876533465,-0.05999230708237646,0.23329845775255342,-0.09767148285351365,0.3309699406060671,yellow,3m
3437,2023-02-14,long,combined (extreme AND z agrees),0.08048977406481983,0.2973028631517488,1.5646173455202503,0.00894825179434644,-0.05219378972080069,0.031048922523267367,-0.1157436283127811,0.14679255083604847,-0.13595542077003853,-0.1467062639175013,-0.2896596423323396,-0.34155762200767625,0.05189797967533666,-0.10384486928232628,-0.17359952717364957,-0.16133164100930508,-0.36723062797697875,0.20589898696767367,yellow,3m
3462,2023-03-22,long,combined (extreme AND z agrees),0.015833111166843244,0.2932488010077122,1.036165777479124,-0.09991995349150451,-0.10577571184398615,-0.17835168029501666,-0.20655803403003795,0.028206353735021283,-0.05264627773964692,-0.06988378620085223,-0.05756712514021149,-0.12613610444758794,0.06856897930737645,-0.09948488875478712,0.002356273468464898,-0.14953958186875002,0.05767519882033006,-0.20721478068908009,yellow,3m
2968,2021-03-31,long,"extreme, z disagrees",0.08831243437039979,0.39274984567904647,-0.479726816878773,-0.09156722070913348,0.09763122021907533,-0.08375798238771169,0.13515879826602897,-0.21891678065374065,-0.06702873795935571,0.02668733933371814,-0.038115746282044775,0.06261537246549304,-0.10073111874753782,-0.06262647104804431,-0.017642094921355933,-0.005401365977128189,0.01952960241683155,-0.024930968393959738,yellow,3m
2983,2021-04-23,long,"extreme, z disagrees",0.09215358183356995,0.3740234069142927,-0.46505118803138357,-0.05216025390664436,-0.07464919233759604,-0.046819867010430845,-0.07322985853751196,0.026409991527081116,-0.043792484801500664,-0.10690004945321496,-0.005432778003500532,-0.10304461989734458,0.09761184189384405,-0.02264645635737106,-0.04236791762075287,0.06629236915478345,0.01463809166882249,0.051654277485960964,yellow,3m
3231,2022-04-20,long,"extreme, z disagrees",0.09321446102172602,0.2454759345880907,0.7910767942386168,0.0607546758384927,0.06178875356561231,0.10900640646837743,0.14712439942287003,-0.0381179929544926,0.04376677853563904,0.018331711407352236,0.1218956730373303,0.07051720056281509,0.05137847247451521,0.12391604222934194,-0.0491957207561875,0.2736728518524499,-0.07302154260359232,0.3466943944560422,yellow,3m
3445,2023-02-24,long,"extreme, z disagrees",0.0989547024011151,0.24711640351094777,0.9422931379682894,-0.05752094667471486,-0.0755460723189314,-0.135674546849152,-0.1850832981459246,0.04940875129677261,-0.12597955836441332,-0.20022093401323626,-0.23605615936831895,-0.44198301813655577,0.20592685876823683,-0.1448537226834773,-0.15007758259672277,-0.2703186755800565,-0.3289278541411879,0.0586091785611314,yellow,3m
3453,2023-03-08,long,"extreme, z disagrees",0.08804419207945426,0.27576322513803675,0.9211763236244215,-0.10488773200651402,-0.08172696194458795,-0.24194494534718936,-0.20137659055599805,-0.04056835479119131,-0.15262711659542916,-0.15783216191286265,-0.28378214542242236,-0.3357360941488414,0.051953948726419064,-0.1493778789181187,-0.15915774118469328,-0.26420702309794863,-0.33601477714055156,0.07180775404260292,yellow,3m
3459,2023-03-16,long,"extreme, z disagrees",0.07750356666543338,0.2523335080145228,0.6365026933878963,-0.14998281611949627,-0.10541332651575108,-0.3072299408659273,-0.2177022854146554,-0.08952765545127192,-0.06981078357313719,-0.12191210235218874,-0.1046802393359487,-0.25267969153948905,0.14799945220354035,-0.11940681528588026,-0.08534351374177529,-0.18435024572870215,-0.14733149451427738,-0.03701875121442477,yellow,3m
3498,2023-05-17,long,"extreme, z disagrees",-0.08610050264475935,0.4742251835139759,0.9749178567206259,-0.05844119264704317,-0.0024035263273345375,-0.09549974854276536,0.01668598931277714,-0.11218573785554249,0.061695315300874576,-0.043058422509829164,0.17963894028451738,-0.05340610060358436,0.23304504088810174,0.08652291716476723,-0.036223777769170074,0.23529523593385643,-0.035564136904602736,0.2708593728384592,yellow,3m
3525,2023-06-26,long,"extreme, z disagrees",-0.11874446727336233,0.6063700228305391,0.6852322938898814,0.1197949203030999,-0.0035920631845967055,0.2636838933302792,-0.01853060537273682,0.282214498703016,0.15312657086258685,-0.07201528590891204,0.33769521344472647,-0.14165372614846383,0.4793489395931903,0.21531879765837558,-0.02353126345720391,0.497857692763482,0.019479922520774157,0.4783777702427079,yellow,3m
2968,2021-03-31,long,extreme alone,0.08831243437039979,0.39274984567904647,-0.479726816878773,-0.09156722070913348,0.09763122021907533,-0.08375798238771169,0.13515879826602897,-0.21891678065374065,-0.06702873795935571,0.02668733933371814,-0.038115746282044775,0.06261537246549304,-0.10073111874753782,-0.06262647104804431,-0.017642094921355933,-0.005401365977128189,0.01952960241683155,-0.024930968393959738,yellow,3m
2983,2021-04-23,long,extreme alone,0.09215358183356995,0.3740234069142927,-0.46505118803138357,-0.05216025390664436,-0.07464919233759604,-0.046819867010430845,-0.07322985853751196,0.026409991527081116,-0.043792484801500664,-0.10690004945321496,-0.005432778003500532,-0.10304461989734458,0.09761184189384405,-0.02264645635737106,-0.04236791762075287,0.06629236915478345,0.01463809166882249,0.051654277485960964,yellow,3m
3195,2022-02-24,long,extreme alone,0.06206108452237009,0.3227973602134137,2.911852178386332,-0.002938809980927992,0.04792895685580678,0.04557729216711448,0.1734872312233494,-0.1279099390562349,-0.088522313702037,0.15224849579428668,-0.11481153099209289,0.4383029169662991,-0.5531144479583919,-0.0009034353173345,0.15187027756420757,0.04606212138809729,0.44674177057837894,-0.40067964919028165,yellow,3m
3231,2022-04-20,long,extreme alone,0.09321446102172602,0.2454759345880907,0.7910767942386168,0.0607546758384927,0.06178875356561231,0.10900640646837743,0.14712439942287003,-0.0381179929544926,0.04376677853563904,0.018331711407352236,0.1218956730373303,0.07051720056281509,0.05137847247451521,0.12391604222934194,-0.0491957207561875,0.2736728518524499,-0.07302154260359232,0.3466943944560422,yellow,3m
3437,2023-02-14,long,extreme alone,0.08048977406481983,0.2973028631517488,1.5646173455202503,0.00894825179434644,-0.05219378972080069,0.031048922523267367,-0.1157436283127811,0.14679255083604847,-0.13595542077003853,-0.1467062639175013,-0.2896596423323396,-0.34155762200767625,0.05189797967533666,-0.10384486928232628,-0.17359952717364957,-0.16133164100930508,-0.36723062797697875,0.20589898696767367,yellow,3m
3459,2023-03-16,long,extreme alone,0.07750356666543338,0.2523335080145228,0.6365026933878963,-0.14998281611949627,-0.10541332651575108,-0.3072299408659273,-0.2177022854146554,-0.08952765545127192,-0.06981078357313719,-0.12191210235218874,-0.1046802393359487,-0.25267969153948905,0.14799945220354035,-0.11940681528588026,-0.08534351374177529,-0.18435024572870215,-0.14733149451427738,-0.03701875121442477,yellow,3m
1635,2015-11-19,short,combined (extreme AND z agrees),1.2433884284840373,-0.40208793896829875,-1.0418859726978582,-0.00017153687308502086,-0.09416398621249167,0.1714597838894718,0.3029143997344421,-0.1314546158449703,-0.02613809024751501,-0.21832109286434265,0.2757236131948799,0.6131532531932276,-0.33742963999834763,0.000442839808104889,-0.1200371954884818,0.04195409700428243,0.2622597205771837,-0.2203056235729013,yellow,3m
1734,2016-04-14,short,combined (extreme AND z agrees),1.1876480797292666,-0.6484614740414333,-1.1315775744016654,0.004732170594526464,-0.11664570257956375,0.05699172039551881,0.3728514447369964,-0.3158597243414776,0.006974642861670377,-0.1781371661208302,0.23979092331267138,0.6235632146294792,-0.3837722913168078,-0.10556488779023843,-0.04546486403378358,0.18415254221472988,0.2095385688027238,-0.025386026587993937,yellow,3m
1750,2016-05-10,short,combined (extreme AND z agrees),1.1926747108141857,-0.6687121047878504,-1.6139740744339748,0.02072925681417548,-0.07634487116307209,0.20440540594897705,0.2522861600048183,-0.047880754055841246,-0.1139143665760638,0.028775951300892944,0.23413472404579738,-0.026225957125337596,0.260360681171135,-0.1857908497192169,0.08858665251938169,0.14343136389645905,-0.21551752578650574,0.3589488896829648,yellow,3m
3727,2024-04-16,short,combined (extreme AND z agrees),0.9462903795510821,-0.6503558071490694,-1.5024371800104983,0.11452996525120018,0.097509392639757,-0.27935948519839227,-0.20706220875802206,-0.0722972764403702,0.11553916423337462,0.0956032174130722,-0.2644637174560338,-0.20273288052863114,-0.061730836927402666,-0.021112564754010132,0.11825139230381343,-0.1436820179968944,-0.23382284912979678,0.09014083113290239,yellow,3m
3864,2024-10-31,short,combined (extreme AND z agrees),1.1529081852121972,-0.38334873330457053,-1.2407091002962853,-0.005294070867764011,-0.04948150886234237,0.0455566771005389,0.12968039052171942,-0.08412371342118052,0.04220544335564247,-0.10988073615534732,-0.10980989833650123,0.18340939435228165,-0.2932192926887829,0.08792569299810515,-0.1432234015244378,-0.32714575250539535,0.06803199186895448,-0.3951777443743498,yellow,3m
3884,2024-11-28,short,combined (extreme AND z agrees),1.2075016836022512,-0.4117474659455511,-1.9099776041840768,0.04749951422340648,-0.06039922729300495,-0.15536657543704013,0.05255677139083548,-0.2079233468278756,0.09321976386586917,-0.09374189266209543,-0.37270242960593425,-0.06030338483144315,-0.3123990447744911,0.1985629223787897,0.03255183266219719,-0.6573475682065009,-0.4022832689437216,-0.2550642992627793,yellow,3m
3895,2024-12-13,short,combined (extreme AND z agrees),1.1842396219476459,-0.3984228769782119,-1.2863789544436535,0.05843119308903355,-0.05457610123647583,-0.3248281190518941,-0.11148407195648202,-0.2133440470954121,0.20881549287183332,0.06595796779179763,-0.6280724408365972,-0.41456629936281475,-0.21350614147378244,0.12312632799527323,0.08178503702728479,-0.642831865301761,-0.5775076240466477,-0.06532424125511327,yellow,3m
4042,2025-07-22,short,combined (extreme AND z agrees),0.9147220363249144,-0.1770215188907881,-1.8913779860845472,0.11082498338166835,0.13949881910038697,-0.21229743842802007,-0.2512069337183416,0.038909495290321505,0.2224803820053488,0.19977995210141108,-0.39461309801885047,-0.3429456103765738,-0.05166748764227669,0.26276898125727377,0.26623747739433923,-0.47821189390945795,-0.45321169179068216,-0.025000202118775794,yellow,3m
1544,2015-07-13,short,"extreme, z disagrees",1.039775202544693,-0.5234773754574573,1.8166959435085077,-0.041651354080642244,0.06508937182649333,-0.036848369666959924,-0.1738645352017375,0.13701616553477758,-0.07724041628826939,0.011589082783904026,0.04326052876410902,-0.016413108701849755,0.05967363746595877,-0.019939255025216873,0.0034167327330294484,-0.031273199428062504,0.02375582408999155,-0.055029023518054054,yellow,3m
1651,2015-12-11,short,"extreme, z disagrees",1.2910103065784853,-0.4357788461429277,-0.9827255828838347,-0.06082458497264431,-0.10902431073238228,0.2162793046777849,0.33082685777812504,-0.11454755310034015,-0.09956474092955414,-0.11822884646145404,0.10638794913156491,0.18789926155001324,-0.08151131241844833,0.0342483031656764,0.05543916104965341,-0.21988152926603255,-0.1759473878708291,-0.04393414139520346,yellow,3m
1668,2016-01-08,short,"extreme, z disagrees",1.3988419575392634,-0.5602320633648445,-0.9404586202979458,-0.04349786274840994,-0.08053065226968492,0.008647047519648066,0.0902510142925248,-0.08160396677287673,0.07490814748656249,0.09544812035216776,-0.2841891532607166,-0.28151204092416604,-0.0026771123365505467,0.13494444499748381,0.16822983510625156,-0.4681546439469505,-0.40763538580396275,-0.06051925814298775,yellow,3m
1677,2016-01-21,short,"extreme, z disagrees",1.4662260533528186,-0.6400042919734273,-0.9987108673646982,0.02626763098238949,0.09786552525363823,-0.20553408492068548,-0.3127239054000186,0.10718982047933312,0.10888587388011528,0.18239019365410636,-0.24994774169202105,-0.40908588290952363,0.15913814121750258,0.11695875724195881,0.21337373917407332,-0.25373397791536845,-0.4586504769854697,0.20491649907010123,yellow,3m
1742,2016-04-26,short,"extreme, z disagrees",1.1480538345232596,-0.6198152119576198,-0.9686981026187211,-0.005177230171234282,-0.14565141233917922,0.38320359619064703,0.44689844285211255,-0.06369484666146552,-0.03337957517025214,-0.10723791031542818,0.23780198263204233,0.35517294890337037,-0.11737096627132804,-0.16518615319037422,-0.02963449867345136,0.24541393277383516,0.10081697527058586,0.1445969575032493,yellow,3m
1770,2016-06-07,short,"extreme, z disagrees",1.3558668576972528,-0.7842264698822619,-0.8870748996116031,-0.13464362339023928,0.10512082246396504,0.029729318096820334,-0.3036997014385612,0.3334290195353815,-0.20652010653339237,0.16493152368245378,-0.060974042052517996,-0.5101100848703459,0.44913604281782793,-0.18142760213107167,0.13057461547062732,0.003720283767480348,-0.3844955585177279,0.3882158422852082,yellow,3m
3736,2024-04-29,short,"extreme, z disagrees",0.9156563458450843,-0.5960903463126104,-0.9625367515834338,0.0775209218683599,0.05289118549555627,-0.1336566016163917,-0.12065792086695004,-0.01299868074944166,0.058595337983205265,0.12971511556170945,-0.15713925907215842,-0.2631534723013619,0.10601421322920346,-0.07360312787668977,0.03066101796791032,0.04539306460888348,-0.04214100146027444,0.08753406606915792,yellow,3m
3797,2024-07-26,short,"extreme, z disagrees",0.904888014071362,-0.5425702342394275,-0.4107049962595556,-0.010076484383731321,0.07018263962253957,-0.03832037975346103,-0.13544460953762305,0.09712422978416202,-0.04175874426941639,-7.771561172376096e-16,0.04602119253584114,-0.0035848594099862074,0.049606051945827345,-0.06290419321536178,-0.06754869190654866,0.13636697102344364,0.1337270441511329,0.0026399268723107383,yellow,3m
3806,2024-08-08,short,"extreme, z disagrees",0.9035871597473599,-0.4373752034617322,0.8567309466866171,0.026936091157164888,0.004585503389039736,-0.011975534493338547,-0.005573231555279556,-0.00640230293805899,-0.00464251904058699,-0.05662907131220507,0.08193188073385349,0.10952815975689256,-0.027596279023039072,-0.07739524493194239,-0.12092836978158417,0.19351790227402,0.23302595980870888,-0.03950805753468889,yellow,3m
3827,2024-09-09,short,"extreme, z disagrees",0.9086410039140941,-0.22571963923628313,1.7063574319623174,-0.019004427973725035,-0.056155005554344384,0.08699078755469691,0.1037798317096128,-0.01678904415491589,-0.08390097689300824,-0.1223468596545968,0.19516238702786137,0.23577661182367482,-0.04061422479581345,-0.11435266827075108,-0.19052741754384972,0.27986834563114105,0.3831508014268965,-0.10328245579575546,yellow,3m
3877,2024-11-19,short,"extreme, z disagrees",1.0805313215295063,-0.34499058276572314,-0.9727632322813609,-0.07214334492701746,-0.0904198575739239,0.17723512413941012,0.21172308629446746,-0.03448796215505734,0.011573430648134764,-0.149887741262535,-0.17538717746580346,0.09378271367663649,-0.26916989114243994,0.1644036274962264,-0.012718658195187915,-0.5096363944581254,-0.2504449770222624,-0.25919141743586294,yellow,3m
3889,2024-12-05,short,"extreme, z disagrees",1.1603199387619356,-0.3700374649726248,-0.9951046413945506,0.04258661213244408,-0.05542602812776942,-0.18571752702003164,0.010596750597441806,-0.19631427761747344,0.1512617171620081,-0.028696237534326263,-0.46969226258782837,-0.17297354146799038,-0.296718721119838,0.11026015118650068,0.03673919711122475,-0.5193922562906942,-0.39908338804107313,-0.12030886824962106,yellow,3m
3922,2025-01-27,short,"extreme, z disagrees",0.9193075125522707,-0.16283658513493315,1.3829088905101232,0.15318534411731277,0.16227911759257174,-0.37156232961028324,-0.39476765520205426,0.02320532559177102,0.041002791745719414,0.12257802648665805,-0.32043423842159746,-0.44720691750704755,0.1267726790854501,0.044062066770214736,0.0343233372349554,-0.34031382636571805,-0.3350199672505406,-0.005293859115177435,yellow,3m
1544,2015-07-13,short,extreme alone,1.039775202544693,-0.5234773754574573,1.8166959435085077,-0.041651354080642244,0.06508937182649333,-0.036848369666959924,-0.1738645352017375,0.13701616553477758,-0.07724041628826939,0.011589082783904026,0.04326052876410902,-0.016413108701849755,0.05967363746595877,-0.019939255025216873,0.0034167327330294484,-0.031273199428062504,0.02375582408999155,-0.055029023518054054,yellow,3m
3727,2024-04-16,short,extreme alone,0.9462903795510821,-0.6503558071490694,-1.5024371800104983,0.11452996525120018,0.097509392639757,-0.27935948519839227,-0.20706220875802206,-0.0722972764403702,0.11553916423337462,0.0956032174130722,-0.2644637174560338,-0.20273288052863114,-0.061730836927402666,-0.021112564754010132,0.11825139230381343,-0.1436820179968944,-0.23382284912979678,0.09014083113290239,yellow,3m
3797,2024-07-26,short,extreme alone,0.904888014071362,-0.5425702342394275,-0.4107049962595556,-0.010076484383731321,0.07018263962253957,-0.03832037975346103,-0.13544460953762305,0.09712422978416202,-0.04175874426941639,-7.771561172376096e-16,0.04602119253584114,-0.0035848594099862074,0.049606051945827345,-0.06290419321536178,-0.06754869190654866,0.13636697102344364,0.1337270441511329,0.0026399268723107383,yellow,3m
3806,2024-08-08,short,extreme alone,0.9035871597473599,-0.4373752034617322,0.8567309466866171,0.026936091157164888,0.004585503389039736,-0.011975534493338547,-0.005573231555279556,-0.00640230293805899,-0.00464251904058699,-0.05662907131220507,0.08193188073385349,0.10952815975689256,-0.027596279023039072,-0.07739524493194239,-0.12092836978158417,0.19351790227402,0.23302595980870888,-0.03950805753468889,yellow,3m
3827,2024-09-09,short,extreme alone,0.9086410039140941,-0.22571963923628313,1.7063574319623174,-0.019004427973725035,-0.056155005554344384,0.08699078755469691,0.1037798317096128,-0.01678904415491589,-0.08390097689300824,-0.1223468596545968,0.19516238702786137,0.23577661182367482,-0.04061422479581345,-0.11435266827075108,-0.19052741754384972,0.27986834563114105,0.3831508014268965,-0.10328245579575546,yellow,3m
3922,2025-01-27,short,extreme alone,0.9193075125522707,-0.16283658513493315,1.3829088905101232,0.15318534411731277,0.16227911759257174,-0.37156232961028324,-0.39476765520205426,0.02320532559177102,0.041002791745719414,0.12257802648665805,-0.32043423842159746,-0.44720691750704755,0.1267726790854501,0.044062066770214736,0.0343233372349554,-0.34031382636571805,-0.3350199672505406,-0.005293859115177435,yellow,3m
4042,2025-07-22,short,extreme alone,0.9147220363249144,-0.1770215188907881,-1.8913779860845472,0.11082498338166835,0.13949881910038697,-0.21229743842802007,-0.2512069337183416,0.038909495290321505,0.2224803820053488,0.19977995210141108,-0.39461309801885047,-0.3429456103765738,-0.05166748764227669,0.26276898125727377,0.26623747739433923,-0.47821189390945795,-0.45321169179068216,-0.025000202118775794,yellow,3m
2988,2021-05-03,long,combined (extreme AND z agrees),0.012810650614394868,0.46780949826422463,1.4420550274507993,0.024538482749777768,-0.07094388088535719,0.045642236105666915,-0.07733857620206835,0.12298081230773528,0.02894074966108917,-0.11527331514043127,0.0783566164105835,-0.1232723334428049,0.20162894985338842,0.0663223891280127,-0.08200431634159266,0.16885424604429497,-0.047772536533345886,0.21662678257764084,yellow,6m
3195,2022-02-24,long,combined (extreme AND z agrees),0.06206108452237009,0.3227973602134137,2.1984098969976724,-0.002938809980927992,0.04792895685580678,0.04557729216711448,0.1734872312233494,-0.1279099390562349,-0.088522313702037,0.15224849579428668,-0.11481153099209289,0.4383029169662991,-0.5531144479583919,-0.0009034353173345,0.15187027756420757,0.04606212138809729,0.44674177057837894,-0.40067964919028165,yellow,6m
3236,2022-04-28,long,combined (extreme AND z agrees),0.062149857833692854,0.32461821000300894,1.8631446481919867,0.09005088353642554,0.009347443827070645,0.1568368446755205,0.021759091445148385,0.13507775323037213,0.08020443318586534,-0.07445512912577423,0.1715872718282058,-0.15002630079881446,0.3216135726270203,0.09598430953758486,-0.13275698139732983,0.20006173325424723,-0.2562258958286219,0.45628762908286913,yellow,6m
3437,2023-02-14,long,combined (extreme AND z agrees),0.08048977406481983,0.2973028631517488,2.3610874272306397,0.00894825179434644,-0.05219378972080069,0.031048922523267367,-0.1157436283127811,0.14679255083604847,-0.13595542077003853,-0.1467062639175013,-0.2896596423323396,-0.34155762200767625,0.05189797967533666,-0.10384486928232628,-0.17359952717364957,-0.16133164100930508,-0.36723062797697875,0.20589898696767367,yellow,6m
3459,2023-03-16,long,combined (extreme AND z agrees),0.07750356666543338,0.2523335080145228,1.2471132310311455,-0.14998281611949627,-0.10541332651575108,-0.3072299408659273,-0.2177022854146554,-0.08952765545127192,-0.06981078357313719,-0.12191210235218874,-0.1046802393359487,-0.25267969153948905,0.14799945220354035,-0.11940681528588026,-0.08534351374177529,-0.18435024572870215,-0.14733149451427738,-0.03701875121442477,yellow,6m
2968,2021-03-31,long,"extreme, z disagrees",0.08831243437039979,0.39274984567904647,0.4731161727264715,-0.09156722070913348,0.09763122021907533,-0.08375798238771169,0.13515879826602897,-0.21891678065374065,-0.06702873795935571,0.02668733933371814,-0.038115746282044775,0.06261537246549304,-0.10073111874753782,-0.06262647104804431,-0.017642094921355933,-0.005401365977128189,0.01952960241683155,-0.024930968393959738,yellow,6m
2983,2021-04-23,long,"extreme, z disagrees",0.09215358183356995,0.3740234069142927,0.17063900249061095,-0.05216025390664436,-0.07464919233759604,-0.046819867010430845,-0.07322985853751196,0.026409991527081116,-0.043792484801500664,-0.10690004945321496,-0.005432778003500532,-0.10304461989734458,0.09761184189384405,-0.02264645635737106,-0.04236791762075287,0.06629236915478345,0.01463809166882249,0.051654277485960964,yellow,6m
3231,2022-04-20,long,"extreme, z disagrees",0.09321446102172602,0.2454759345880907,0.539835448863808,0.0607546758384927,0.06178875356561231,0.10900640646837743,0.14712439942287003,-0.0381179929544926,0.04376677853563904,0.018331711407352236,0.1218956730373303,0.07051720056281509,0.05137847247451521,0.12391604222934194,-0.0491957207561875,0.2736728518524499,-0.07302154260359232,0.3466943944560422,yellow,6m
3527,2023-06-28,long,"extreme, z disagrees",-0.061639352130002226,0.46341742002156655,0.48662723534144553,0.08345374128206984,0.0037496027184954484,0.164514025999661,-0.010681852081247396,0.1751958780809084,0.11800787174649396,-0.03375479273995918,0.2477048589291116,-0.06509333903650977,0.31279819796562136,0.18740484889326303,0.0045651006206054445,0.4159478606867827,0.07036042330333692,0.3455874373834458,yellow,6m
2968,2021-03-31,long,extreme alone,0.08831243437039979,0.39274984567904647,0.4731161727264715,-0.09156722070913348,0.09763122021907533,-0.08375798238771169,0.13515879826602897,-0.21891678065374065,-0.06702873795935571,0.02668733933371814,-0.038115746282044775,0.06261537246549304,-0.10073111874753782,-0.06262647104804431,-0.017642094921355933,-0.005401365977128189,0.01952960241683155,-0.024930968393959738,yellow,6m
2983,2021-04-23,long,extreme alone,0.09215358183356995,0.3740234069142927,0.17063900249061095,-0.05216025390664436,-0.07464919233759604,-0.046819867010430845,-0.07322985853751196,0.026409991527081116,-0.043792484801500664,-0.10690004945321496,-0.005432778003500532,-0.10304461989734458,0.09761184189384405,-0.02264645635737106,-0.04236791762075287,0.06629236915478345,0.01463809166882249,0.051654277485960964,yellow,6m
3195,2022-02-24,long,extreme alone,0.06206108452237009,0.3227973602134137,2.1984098969976724,-0.002938809980927992,0.04792895685580678,0.04557729216711448,0.1734872312233494,-0.1279099390562349,-0.088522313702037,0.15224849579428668,-0.11481153099209289,0.4383029169662991,-0.5531144479583919,-0.0009034353173345,0.15187027756420757,0.04606212138809729,0.44674177057837894,-0.40067964919028165,yellow,6m
3231,2022-04-20,long,extreme alone,0.09321446102172602,0.2454759345880907,0.539835448863808,0.0607546758384927,0.06178875356561231,0.10900640646837743,0.14712439942287003,-0.0381179929544926,0.04376677853563904,0.018331711407352236,0.1218956730373303,0.07051720056281509,0.05137847247451521,0.12391604222934194,-0.0491957207561875,0.2736728518524499,-0.07302154260359232,0.3466943944560422,yellow,6m
3437,2023-02-14,long,extreme alone,0.08048977406481983,0.2973028631517488,2.3610874272306397,0.00894825179434644,-0.05219378972080069,0.031048922523267367,-0.1157436283127811,0.14679255083604847,-0.13595542077003853,-0.1467062639175013,-0.2896596423323396,-0.34155762200767625,0.05189797967533666,-0.10384486928232628,-0.17359952717364957,-0.16133164100930508,-0.36723062797697875,0.20589898696767367,yellow,6m
3459,2023-03-16,long,extreme alone,0.07750356666543338,0.2523335080145228,1.2471132310311455,-0.14998281611949627,-0.10541332651575108,-0.3072299408659273,-0.2177022854146554,-0.08952765545127192,-0.06981078357313719,-0.12191210235218874,-0.1046802393359487,-0.25267969153948905,0.14799945220354035,-0.11940681528588026,-0.08534351374177529,-0.18435024572870215,-0.14733149451427738,-0.03701875121442477,yellow,6m
1645,2015-12-03,short,combined (extreme AND z agrees),1.4221832399176055,-0.5727949014317238,-1.11139559249425,-0.033888760571945564,-0.06512940652336541,0.13696252018938404,0.23087756641872592,-0.09391504622934188,-0.021138792865093903,-0.13870374491505433,0.10272895783655467,0.359426497838651,-0.2566975400020963,0.03950903372250192,0.002974707683931932,-0.11871783886355658,0.01614494618725648,-0.13486278505081306,yellow,6m
1655,2015-12-18,short,combined (extreme AND z agrees),1.4014085378785925,-0.5479090120968596,-1.1543540292660253,-0.02596655337442999,-0.12415710665185098,0.10426382930540812,0.31382138433290163,-0.20955755502749351,0.0006143766811899098,-0.025873209275990128,-0.12950568688518937,-0.04112414531739428,-0.0883815415677951,0.1285059317915691,0.0754237618172422,-0.25797528474438547,-0.1781845698404514,-0.07979071490393408,yellow,6m
1734,2016-04-14,short,combined (extreme AND z agrees),1.1876480797292666,-0.6484614740414333,-1.111632077329955,0.004732170594526464,-0.11664570257956375,0.05699172039551881,0.3728514447369964,-0.3158597243414776,0.006974642861670377,-0.1781371661208302,0.23979092331267138,0.6235632146294792,-0.3837722913168078,-0.10556488779023843,-0.04546486403378358,0.18415254221472988,0.2095385688027238,-0.025386026587993937,yellow,6m
1750,2016-05-10,short,combined (extreme AND z agrees),1.1926747108141857,-0.6687121047878504,-1.1401990749462911,0.02072925681417548,-0.07634487116307209,0.20440540594897705,0.2522861600048183,-0.047880754055841246,-0.1139143665760638,0.028775951300892944,0.23413472404579738,-0.026225957125337596,0.260360681171135,-0.1857908497192169,0.08858665251938169,0.14343136389645905,-0.21551752578650574,0.3589488896829648,yellow,6m
3727,2024-04-16,short,combined (extreme AND z agrees),0.9462903795510821,-0.6503558071490694,-2.1871206066113187,0.11452996525120018,0.097509392639757,-0.27935948519839227,-0.20706220875802206,-0.0722972764403702,0.11553916423337462,0.0956032174130722,-0.2644637174560338,-0.20273288052863114,-0.061730836927402666,-0.021112564754010132,0.11825139230381343,-0.1436820179968944,-0.23382284912979678,0.09014083113290239,yellow,6m
4042,2025-07-22,short,combined (extreme AND z agrees),0.9147220363249144,-0.1770215188907881,-1.6708498643514242,0.11082498338166835,0.13949881910038697,-0.21229743842802007,-0.2512069337183416,0.038909495290321505,0.2224803820053488,0.19977995210141108,-0.39461309801885047,-0.3429456103765738,-0.05166748764227669,0.26276898125727377,0.26623747739433923,-0.47821189390945795,-0.45321169179068216,-0.025000202118775794,yellow,6m
1594,2015-09-22,short,"extreme, z disagrees",1.0400023199424355,-0.3341844502336595,1.9394078043785201,0.003742147765414261,0.009315230374376648,-0.015259954856071678,-0.025916269332059372,0.010656314475987694,-0.10246775873826697,-0.09587196003819387,0.21018740757594845,0.23362998100565058,-0.02344257342970213,-0.10775400633399213,-0.18369742524163457,0.3682075169705037,0.5133587680149636,-0.14515125104445992,yellow,6m
1680,2016-01-26,short,"extreme, z disagrees",1.397250258664316,-0.5733680736193278,-0.9826076010613264,-0.006960125290385921,0.08008678869446006,-0.12474544780696983,-0.25884670794330766,0.13410126013633783,0.11974148506130367,0.17930961174668636,-0.2982271606625402,-0.38140944105403374,0.08318228039149356,0.0837316045633516,0.19979890219915752,-0.1686320408196711,-0.4023189747167065,0.23368693389703543,yellow,6m
1693,2016-02-12,short,"extreme, z disagrees",1.3599816521115944,-0.5798157546841799,-0.8616380289259166,0.1258259538980786,0.14452751013579768,-0.290380009552458,-0.2711189720608802,-0.019261037491577815,0.12841399946550824,0.18561486961294227,-0.15143713679641801,-0.3071483973315283,0.1557112605351103,0.13992543172972405,0.08729438303147075,-0.15025747998268946,0.007903758528559512,-0.15816123851124897,yellow,6m
1779,2016-06-21,short,"extreme, z disagrees",1.3773529424494129,-0.7517168079554106,-0.8488185666245585,-0.09813513881999159,0.0801840967316525,-0.04475969074494057,-0.2642131679802695,0.21945347723532893,-0.1524975682968821,0.11664164066435379,0.001948053631188884,-0.34651479403849517,0.34846284766968405,-0.12004061952124578,0.12803416894544872,-0.03987480071689342,-0.36531934274262245,0.32544454202572903,yellow,6m
3797,2024-07-26,short,"extreme, z disagrees",0.904888014071362,-0.5425702342394275,-0.5771167352871286,-0.010076484383731321,0.07018263962253957,-0.03832037975346103,-0.13544460953762305,0.09712422978416202,-0.04175874426941639,-7.771561172376096e-16,0.04602119253584114,-0.0035848594099862074,0.049606051945827345,-0.06290419321536178,-0.06754869190654866,0.13636697102344364,0.1337270441511329,0.0026399268723107383,yellow,6m
3806,2024-08-08,short,"extreme, z disagrees",0.9035871597473599,-0.4373752034617322,0.14775244365887097,0.026936091157164888,0.004585503389039736,-0.011975534493338547,-0.005573231555279556,-0.00640230293805899,-0.00464251904058699,-0.05662907131220507,0.08193188073385349,0.10952815975689256,-0.027596279023039072,-0.07739524493194239,-0.12092836978158417,0.19351790227402,0.23302595980870888,-0.03950805753468889,yellow,6m
3827,2024-09-09,short,"extreme, z disagrees",0.9086410039140941,-0.22571963923628313,2.1660573569048336,-0.019004427973725035,-0.056155005554344384,0.08699078755469691,0.1037798317096128,-0.01678904415491589,-0.08390097689300824,-0.1223468596545968,0.19516238702786137,0.23577661182367482,-0.04061422479581345,-0.11435266827075108,-0.19052741754384972,0.27986834563114105,0.3831508014268965,-0.10328245579575546,yellow,6m
3922,2025-01-27,short,"extreme, z disagrees",0.9193075125522707,-0.16283658513493315,1.438634529439521,0.15318534411731277,0.16227911759257174,-0.37156232961028324,-0.39476765520205426,0.02320532559177102,0.041002791745719414,0.12257802648665805,-0.32043423842159746,-0.44720691750704755,0.1267726790854501,0.044062066770214736,0.0343233372349554,-0.34031382636571805,-0.3350199672505406,-0.005293859115177435,yellow,6m
1594,2015-09-22,short,extreme alone,1.0400023199424355,-0.3341844502336595,1.9394078043785201,0.003742147765414261,0.009315230374376648,-0.015259954856071678,-0.025916269332059372,0.010656314475987694,-0.10246775873826697,-0.09587196003819387,0.21018740757594845,0.23362998100565058,-0.02344257342970213,-0.10775400633399213,-0.18369742524163457,0.3682075169705037,0.5133587680149636,-0.14515125104445992,yellow,6m
3727,2024-04-16,short,extreme alone,0.9462903795510821,-0.6503558071490694,-2.1871206066113187,0.11452996525120018,0.097509392639757,-0.27935948519839227,-0.20706220875802206,-0.0722972764403702,0.11553916423337462,0.0956032174130722,-0.2644637174560338,-0.20273288052863114,-0.061730836927402666,-0.021112564754010132,0.11825139230381343,-0.1436820179968944,-0.23382284912979678,0.09014083113290239,yellow,6m
3797,2024-07-26,short,extreme alone,0.904888014071362,-0.5425702342394275,-0.5771167352871286,-0.010076484383731321,0.07018263962253957,-0.03832037975346103,-0.13544460953762305,0.09712422978416202,-0.04175874426941639,-7.771561172376096e-16,0.04602119253584114,-0.0035848594099862074,0.049606051945827345,-0.06290419321536178,-0.06754869190654866,0.13636697102344364,0.1337270441511329,0.0026399268723107383,yellow,6m
3806,2024-08-08,short,extreme alone,0.9035871597473599,-0.4373752034617322,0.14775244365887097,0.026936091157164888,0.004585503389039736,-0.011975534493338547,-0.005573231555279556,-0.00640230293805899,-0.00464251904058699,-0.05662907131220507,0.08193188073385349,0.10952815975689256,-0.027596279023039072,-0.07739524493194239,-0.12092836978158417,0.19351790227402,0.23302595980870888,-0.03950805753468889,yellow,6m
3827,2024-09-09,short,extreme alone,0.9086410039140941,-0.22571963923628313,2.1660573569048336,-0.019004427973725035,-0.056155005554344384,0.08699078755469691,0.1037798317096128,-0.01678904415491589,-0.08390097689300824,-0.1223468596545968,0.19516238702786137,0.23577661182367482,-0.04061422479581345,-0.11435266827075108,-0.19052741754384972,0.27986834563114105,0.3831508014268965,-0.10328245579575546,yellow,6m
3922,2025-01-27,short,extreme alone,0.9193075125522707,-0.16283658513493315,1.438634529439521,0.15318534411731277,0.16227911759257174,-0.37156232961028324,-0.39476765520205426,0.02320532559177102,0.041002791745719414,0.12257802648665805,-0.32043423842159746,-0.44720691750704755,0.1267726790854501,0.044062066770214736,0.0343233372349554,-0.34031382636571805,-0.3350199672505406,-0.005293859115177435,yellow,6m
4042,2025-07-22,short,extreme alone,0.9147220363249144,-0.1770215188907881,-1.6708498643514242,0.11082498338166835,0.13949881910038697,-0.21229743842802007,-0.2512069337183416,0.038909495290321505,0.2224803820053488,0.19977995210141108,-0.39461309801885047,-0.3429456103765738,-0.05166748764227669,0.26276898125727377,0.26623747739433923,-0.47821189390945795,-0.45321169179068216,-0.025000202118775794,yellow,6m
2122,2017-11-29,long,combined (extreme AND z agrees),0.0962971242072145,0.348712741567312,1.954791563089741,0.13863107460269547,0.053569781754005674,0.06026295058166088,0.027159067193136502,0.03310388338852438,0.01408313915251197,-0.06575613074746128,0.009670769405714874,-0.02568988347723275,0.035360652882947624,0.0024372016913145056,-0.037261052124496985,0.018030663040729256,-0.003982283037972836,0.022012946078702092,white,3m
2909,2021-02-02,long,combined (extreme AND z agrees),0.0985945445011283,0.5368319360602551,1.8220503085704953,0.02423152102298609,0.030310084691330563,0.0005886880947752471,0.00931847213363407,-0.008729784038858823,-0.04333570036121792,0.011373130120223673,-0.050275893560752426,-0.008601405813217028,-0.0416744877475354,-0.1356542186893881,0.10825305272026231,-0.10839206232626374,0.08278146893372215,-0.19117353125998587,white,3m
3051,2021-08-27,long,combined (extreme AND z agrees),0.07170066965754963,0.3029618709250612,1.103228710786778,0.022962343788110795,0.014696136989359454,0.05190296580387081,0.034789416652088706,0.017113549151782106,0.04189508674132769,-0.011271413441327649,0.049232145810734956,0.01285112121305551,0.036381024597679446,-0.01116925625252263,0.06841411310186218,0.018280631231372996,0.09410203245063775,-0.07582140121926476,white,3m
3090,2021-10-22,long,combined (extreme AND z agrees),0.09821927415965233,0.3949885038576885,1.4234493587053987,-0.02916531287130153,0.08013814118031315,-0.014842106772016972,0.07434306256985658,-0.08918516934187355,-0.02103202969121909,0.13036642896489525,-0.010226014414331963,0.11346986734323876,-0.12369588175757072,0.0020849564041348634,0.11877049560520658,0.01064228755311071,0.09644462694754334,-0.08580233939443263,white,3m
3113,2021-11-25,long,combined (extreme AND z agrees),0.06619310301661926,0.4076799088192914,1.3243385984831006,0.023027981491617444,0.06140067759721801,0.012886246680438418,0.04539197885102422,-0.032505732170585805,0.0146196901919311,0.03626470432567541,0.001723706445364112,0.015009177021174658,-0.013285470575810546,-0.00793184716008355,0.07036204103002142,-0.009883119722205153,0.05450958033152242,-0.06439270005372758,white,3m
3127,2021-12-15,long,combined (extreme AND z agrees),0.06927508780680916,0.41420408452673574,1.2955426008263455,0.060244015032505205,0.021855731255171706,0.05494502488717652,0.017805768318358672,0.03713925656881785,-0.023724794535181504,0.03150964708122106,-0.01952780245100362,0.02608414999975736,-0.04561195245076098,-0.04567340200134118,0.13939237045841701,-0.03105570002458423,0.15550952040287574,-0.18656522042746,white,3m
3134,2021-12-28,long,combined (extreme AND z agrees),0.094498889502663,0.41314078950428107,1.3383533540235113,-0.005907940954289703,-0.028810857008676027,-0.008420703660320022,-0.034997585785812094,0.02657688212549207,-0.045196116542804754,0.003271540540614515,-0.033742830458712,0.0066709978489050276,-0.04041382830761703,-0.038387528328070575,0.10755978078158424,-0.008903674002565476,0.14087417073035163,-0.1497778447329171,white,3m
3153,2022-01-24,long,combined (extreme AND z agrees),0.08917866793780346,0.43885290672556954,2.0879586639576444,-0.02255153735201465,0.034097336704346004,-0.011606826167569265,0.04342281224666268,-0.055029638414231946,-0.02223789955012312,0.136441989690401,0.009023214135631619,0.18755035331391362,-0.178527139178282,-0.09030095374684755,0.1726975895260774,-0.0652612799603021,0.24079341642452168,-0.30605469638482374,white,3m
3247,2022-06-10,long,combined (extreme AND z agrees),0.08692530640988028,0.41118506094358487,1.6478657982511637,0.0967376750975728,-0.017624549902006903,0.12187784293218869,-0.02104485880933943,0.1429227017415281,0.10555419179472936,-0.06990545288283889,0.11828689404105412,-0.08112794175809557,0.1994148357991497,0.06170073159459255,0.03436725790502626,0.1071078279243655,0.0543378773316653,0.052769950592700204,white,3m
3410,2023-02-02,long,combined (extreme AND z agrees),0.09946312719596472,0.44811266547516815,1.675278635038778,-0.040675587416881154,-0.04009551428488889,-0.08621699035044704,-0.08524062565810396,-0.0009763646923430791,-0.07530923950084989,-0.04527104554614758,-0.15214868138379328,-0.1185500133123905,-0.033598668071402785,-0.1536124754084387,-0.17508017188294822,-0.20070552935278063,-0.24705592182809782,0.04635039247531719,white,3m
3444,2023-03-23,long,combined (extreme AND z agrees),-0.054432287108158915,0.5005210850923646,1.304205994073794,-0.11351072096557147,-0.1103395429437235,-0.12230561079958609,-0.12461919958870639,0.002313588789120302,-0.06836242853319852,-0.05833758534259004,-0.04689536332297166,-0.05421198346058473,0.00731662013761307,-0.09090046672984564,0.002238911348509509,-0.06584838199627241,0.02979555572804967,-0.09564393772432209,white,3m
3456,2023-04-12,long,combined (extreme AND z agrees),-0.10996353346460554,0.509174289170233,1.4933657102392994,-0.02324762531500757,-0.05203015774664732,0.01280004585205255,-0.037506018143532036,0.050306063995584585,-0.013062375243372726,-0.03882534093871004,0.03665237177769308,-0.019698779585070228,0.05635115136276331,0.07827263667987205,-0.07342308219680538,0.15899502878840047,-0.04940092290406549,0.20839595169246594,white,3m
3486,2023-05-26,long,combined (extreme AND z agrees),-0.10564146765083808,0.513061588087408,1.0844279395453629,0.03610264869836466,0.036163040589598294,0.06116640853814689,0.05385362360513357,0.007312784933013315,0.15946055689389316,0.03613396529743018,0.21322528303806582,0.05004211645819025,0.16318316657987558,0.20023239125766912,-0.02484907362259614,0.2593211479111158,-0.007565460668210927,0.2668866085793268,white,3m
1951,2017-03-24,long,"extreme, z disagrees",0.09399379437128014,0.730257510202085,0.6937775173571383,-0.01190109397098954,0.06692733699988068,0.003800321929762193,0.050126946217653304,-0.04632662428789111,-0.0993650310571989,-0.04487581874458585,-0.03548460435500665,0.00018413210237397393,-0.035668736457380626,-0.10577245596776658,-0.06883255896838575,-0.03244186783634008,-0.006322298953563746,-0.026119568882776334,white,3m
1981,2017-05-11,long,"extreme, z disagrees",0.09923941475944405,0.5394786468905998,-1.5230508339485629,-0.06535165349191752,-0.061925505386144386,-0.03122193500852853,-0.025177324423656597,-0.0060446105848719345,-0.06551814178514648,0.008259794323779657,-0.02136465033453623,0.03375360838628945,-0.05511825872082568,-0.06727722097089756,-0.06385709296364722,-0.02506323909353647,0.01319228859232656,-0.03825552768586303,white,3m
2076,2017-09-26,long,"extreme, z disagrees",0.09640283800692445,0.2064845749066983,-0.7806668887259671,-0.0007272940287598728,0.035882886074311726,0.004730231695111678,0.022027247570961847,-0.01729701587585017,0.0020790681302772507,0.03889947961373752,0.01240545672106727,0.03224771816793133,-0.01984226144686406,0.013475473633100588,-0.05895459896693628,0.005597358485710455,-0.019906936019976368,0.025504294505686823,white,3m
2923,2021-02-22,long,"extreme, z disagrees",0.09272272811491299,0.5178859187044573,0.9408548594158452,-0.005782032953510097,-0.008000504204879633,-0.016894935557271257,-0.012803141613628555,-0.004091793943642702,-0.07375672513558362,0.03500327650092261,-0.04723621482875018,0.0312331589022824,-0.07846937373103258,-0.13781804784724838,-0.009989212578774387,-0.083616536214602,0.01024207828871404,-0.09385861450331603,white,3m
3105,2021-11-15,long,"extreme, z disagrees",0.07763128582006787,0.38709677770214435,0.8739383307746125,0.001812743996439159,0.04869115916959854,-0.00681894114507621,0.029871113073714567,-0.03669005421879078,0.036916908862269726,0.05828632254959587,0.022773725101750825,0.03442901236933277,-0.011655287267581943,-0.0021601045288489606,0.08641796459720885,0.0002774589481155665,0.06493896701779803,-0.06466150806968246,white,3m
3163,2022-02-07,long,"extreme, z disagrees",0.0953184156015917,0.4330787616633127,0.9865881001801606,-0.060616262069617566,0.09330227144389402,-0.06088480749774525,0.1254167278720308,-0.18630153536977603,-0.024522930719299563,0.10024366423296138,-0.008037731029319359,0.157590003314165,-0.16562773434348438,-0.06767465051107613,0.18163498977779136,-0.04812653713897375,0.28258690533353403,-0.3307134424725078,white,3m
3184,2022-03-08,long,"extreme, z disagrees",0.030464449172138353,0.46024171582117707,0.7938390621931962,0.023614120269837446,0.004974195057432684,0.03654554630294887,0.026258600201598425,0.010286946101350447,-0.01164722006780039,0.09472571685792985,0.002108398169292036,0.15224051000352512,-0.15013211183423308,0.03631353756506139,0.0779817308450308,0.06594225976230339,0.1411444925115679,-0.07520223274926452,white,3m
3427,2023-02-27,long,"extreme, z disagrees",0.04147649230761849,0.44340126931423407,0.7775270779183582,-0.029529588998896017,-0.03611802441546885,-0.09042319024584511,-0.1064135993699748,0.01599040912412969,-0.09614031044897908,-0.15316958930601787,-0.14208328979730797,-0.23968788293919216,0.09760459314188419,-0.11374980157221581,-0.08502043181108188,-0.1527871101907559,-0.1477982631565502,-0.0049888470342056845,white,3m
3466,2023-04-26,long,"extreme, z disagrees",-0.12065268730332315,0.4897905497498273,0.43158613554610187,-0.02467679404879064,0.04434072168678682,-0.006269924167508115,0.06572027299736832,-0.07199019716487644,0.011425854649574019,0.08050376227638512,0.05489648437063877,0.1215899123422946,-0.06669342797165584,0.13478376284510252,0.080474686984217,0.2069553588705577,0.11763572104735576,0.08931963782320193,white,3m
1951,2017-03-24,long,extreme alone,0.09399379437128014,0.730257510202085,0.6937775173571383,-0.01190109397098954,0.06692733699988068,0.003800321929762193,0.050126946217653304,-0.04632662428789111,-0.0993650310571989,-0.04487581874458585,-0.03548460435500665,0.00018413210237397393,-0.035668736457380626,-0.10577245596776658,-0.06883255896838575,-0.03244186783634008,-0.006322298953563746,-0.026119568882776334,white,3m
1981,2017-05-11,long,extreme alone,0.09923941475944405,0.5394786468905998,-1.5230508339485629,-0.06535165349191752,-0.061925505386144386,-0.03122193500852853,-0.025177324423656597,-0.0060446105848719345,-0.06551814178514648,0.008259794323779657,-0.02136465033453623,0.03375360838628945,-0.05511825872082568,-0.06727722097089756,-0.06385709296364722,-0.02506323909353647,0.01319228859232656,-0.03825552768586303,white,3m
2076,2017-09-26,long,extreme alone,0.09640283800692445,0.2064845749066983,-0.7806668887259671,-0.0007272940287598728,0.035882886074311726,0.004730231695111678,0.022027247570961847,-0.01729701587585017,0.0020790681302772507,0.03889947961373752,0.01240545672106727,0.03224771816793133,-0.01984226144686406,0.013475473633100588,-0.05895459896693628,0.005597358485710455,-0.019906936019976368,0.025504294505686823,white,3m
2122,2017-11-29,long,extreme alone,0.0962971242072145,0.348712741567312,1.954791563089741,0.13863107460269547,0.053569781754005674,0.06026295058166088,0.027159067193136502,0.03310388338852438,0.01408313915251197,-0.06575613074746128,0.009670769405714874,-0.02568988347723275,0.035360652882947624,0.0024372016913145056,-0.037261052124496985,0.018030663040729256,-0.003982283037972836,0.022012946078702092,white,3m
2909,2021-02-02,long,extreme alone,0.0985945445011283,0.5368319360602551,1.8220503085704953,0.02423152102298609,0.030310084691330563,0.0005886880947752471,0.00931847213363407,-0.008729784038858823,-0.04333570036121792,0.011373130120223673,-0.050275893560752426,-0.008601405813217028,-0.0416744877475354,-0.1356542186893881,0.10825305272026231,-0.10839206232626374,0.08278146893372215,-0.19117353125998587,white,3m
3090,2021-10-22,long,extreme alone,0.09821927415965233,0.3949885038576885,1.4234493587053987,-0.02916531287130153,0.08013814118031315,-0.014842106772016972,0.07434306256985658,-0.08918516934187355,-0.02103202969121909,0.13036642896489525,-0.010226014414331963,0.11346986734323876,-0.12369588175757072,0.0020849564041348634,0.11877049560520658,0.01064228755311071,0.09644462694754334,-0.08580233939443263,white,3m
3153,2022-01-24,long,extreme alone,0.08917866793780346,0.43885290672556954,2.0879586639576444,-0.02255153735201465,0.034097336704346004,-0.011606826167569265,0.04342281224666268,-0.055029638414231946,-0.02223789955012312,0.136441989690401,0.009023214135631619,0.18755035331391362,-0.178527139178282,-0.09030095374684755,0.1726975895260774,-0.0652612799603021,0.24079341642452168,-0.30605469638482374,white,3m
3247,2022-06-10,long,extreme alone,0.08692530640988028,0.41118506094358487,1.6478657982511637,0.0967376750975728,-0.017624549902006903,0.12187784293218869,-0.02104485880933943,0.1429227017415281,0.10555419179472936,-0.06990545288283889,0.11828689404105412,-0.08112794175809557,0.1994148357991497,0.06170073159459255,0.03436725790502626,0.1071078279243655,0.0543378773316653,0.052769950592700204,white,3m
3410,2023-02-02,long,extreme alone,0.09946312719596472,0.44811266547516815,1.675278635038778,-0.040675587416881154,-0.04009551428488889,-0.08621699035044704,-0.08524062565810396,-0.0009763646923430791,-0.07530923950084989,-0.04527104554614758,-0.15214868138379328,-0.1185500133123905,-0.033598668071402785,-0.1536124754084387,-0.17508017188294822,-0.20070552935278063,-0.24705592182809782,0.04635039247531719,white,3m
1617,2015-11-20,short,combined (extreme AND z agrees),1.043636548259949,-0.24919027760688706,-1.1765108091012935,-0.11019229783925832,-0.2023381878209728,0.45157869200129963,0.5562506536482348,-0.10467196164693515,-0.23497389271509272,-0.4235185600708965,0.9296831272973185,1.1982242851455005,-0.268541157848182,-0.2506940808407755,-0.35590783989635477,0.8176137807273733,0.9942797280181137,-0.17666594729074037,white,3m
1682,2016-02-24,short,combined (extreme AND z agrees),2.0089752311642592,-1.2081449635935844,-1.0238024049372456,0.07798794188138936,0.04148903290280992,-0.07528370692315245,-0.0758979232003465,0.0006142162771940463,0.12360171607546322,0.13283168393268907,-0.6446657209470876,-0.31117443146018187,-0.33349128948690576,0.16345678992937707,0.031030466844732985,-0.6075083790016049,0.04693471494949364,-0.6544430939510986,white,3m
1696,2016-03-15,short,combined (extreme AND z agrees),2.030525812558135,-1.3082201116535022,-1.5283278126103876,0.036569786671784676,0.0935619631494502,-0.3200743391641707,-0.27176738669535694,-0.04830695246881378,0.04263230094686632,-0.015144156164298206,-0.6990371791068952,0.15099357416064674,-0.850030753267542,0.13937349490273765,0.010068097395278253,-0.7760246729017837,0.06618641498163136,-0.842211087883415,white,3m
1713,2016-04-12,short,combined (extreme AND z agrees),1.9364667955453883,-1.303420623337235,-1.5017021861761835,0.005137752047492672,-0.06908144152376616,-0.6143435526621732,0.26332636480303995,-0.8776699174652132,0.1201442185091206,-0.04418339932617177,-0.6444626910431233,0.22658551784137604,-0.8710482088844993,-0.03957488538967491,0.004876231197871395,-0.6110930728452768,0.08411740909942944,-0.6952104819447062,white,3m
3708,2024-04-16,short,combined (extreme AND z agrees),0.9332405874067335,-0.5631749345969324,-1.7526919011639657,0.13064634968213173,0.11362577707068855,-0.2555075642692156,-0.19788502364291138,-0.05762254062630423,0.10016786567017277,0.08023191884987035,-0.1870311011979453,-0.1404542872038963,-0.046576813994049004,-0.10522314540821975,0.03414081164960381,-0.0733884871003132,-0.05763854064260454,-0.015749946457708663,white,3m
3854,2024-11-13,short,combined (extreme AND z agrees),0.9696458223486139,-0.29025780724444805,-1.0271066017914738,-0.063774316419549,-0.05028768100233294,0.03436472578709304,0.010159133400019504,0.024205592387073538,0.04613454772740755,-0.0830665621175346,-0.19854181265818605,-0.08906901518176025,-0.1094727974764258,0.16276307955888436,0.02850781540282954,-0.39326096713763803,-0.3039930532620916,-0.08926791387554645,white,3m
1525,2015-07-13,short,"extreme, z disagrees",1.196651663088708,-0.7118756132854595,0.6507840743185689,-0.007319089119265709,0.09942163678786986,-0.09109337284241481,-0.16703197972540818,0.07593860688299336,0.01123938692923121,0.10006888600140462,-0.15491155189937733,-0.1507718591882925,-0.00413969271108483,0.04109063797552104,0.06444662573376736,-0.13436377747297423,-0.045533405253339154,-0.08883037221963508,white,3m
1663,2016-01-28,short,"extreme, z disagrees",1.8232017574156694,-0.9664672656249289,-0.8476511850972988,-0.03819717881349716,0.006199399916817949,0.09181952076480226,0.04339993164118616,0.0484195891236161,0.005178864721518961,0.053576377516633356,0.03088735381330765,-0.07050062947907199,0.10138798329237964,0.0743343992547627,0.13595051126499746,-0.54691336931991,-0.26777888593850285,-0.2791344833814071,white,3m
1674,2016-02-12,short,"extreme, z disagrees",1.9575765739597413,-1.1140563769093117,-0.8715810888222678,0.010392895026905657,0.029094451264624732,-0.08997712657271828,-0.035194522234239134,-0.054782604338479146,0.06276653934601062,0.11996740949344464,-0.12646010016381948,-0.27110267044150294,0.14464257027768346,0.08368434404510205,0.031053295346848753,-0.6927467184091085,0.035325292032296396,-0.7280720104414049,white,3m
1688,2016-03-03,short,"extreme, z disagrees",1.9967265340762657,-1.225191446370807,-0.951502997917883,0.008409236288021704,0.052447564268104374,-0.09243937848662886,-0.1281403057614987,0.03570092727486984,0.06059380549771021,0.057310667202601806,-0.6221521282921008,-0.11034966123482914,-0.5118024670572716,0.20772704214852644,0.055435876732933265,-0.7512229708102651,-0.05934163249009616,-0.691881338320169,white,3m
1705,2016-03-31,short,"extreme, z disagrees",1.9026182512858096,-1.2396635830956622,-0.9372829914935672,0.13115869818414327,0.03797095908941528,-0.6148235792802261,-0.061069760360964453,-0.5537538189192617,0.18755366190159917,-0.04747743215141531,-0.6279744500900499,0.245770700744387,-0.8737451508344369,0.13577017450367146,0.019647998540234024,-0.6985382181175859,0.04438740221952675,-0.7429256203371126,white,3m
1850,2016-10-27,short,"extreme, z disagrees",0.924181406952799,-0.07178595976119895,0.704973943996131,-0.06225009741937604,-0.06163147153002568,0.06489086232654784,0.10612638694595189,-0.04123552461940405,0.0015888156786506569,0.016462432475234823,-0.15986907037129672,-0.11244749411135013,-0.047421576259946585,0.17312695426127422,0.1930222190709231,-0.5541006893559219,-0.5240697748740297,-0.030030914481892212,white,3m
1865,2016-11-17,short,"extreme, z disagrees",0.9437324725241557,-0.07227024357263045,0.22835121335681588,-0.06096861002511855,-0.0467039786588439,-0.04578726350907247,0.02188672459072105,-0.06767398809979353,0.08688712077350147,0.09570588227825916,-0.46253220523151073,-0.41181690869143006,-0.05071529654008067,0.26045037314998465,0.27341995262954144,-0.7362613660735677,-0.7263108325166618,-0.009950533556905894,white,3m
3800,2024-08-28,short,"extreme, z disagrees",0.9209829105082875,-0.3266468500320163,1.4527041516455745,0.024609506479867704,-0.008830682247368493,-0.05484621045116722,-0.031840176732385594,-0.023006033718781627,0.0185836470325369,-0.06333860688734338,-0.005305468585632078,0.030792925290088702,-0.03609839387572078,0.002581640374883065,-0.13162625972729547,0.06005003990922608,0.1434673541100474,-0.08341731420082132,white,3m
3829,2024-10-09,short,"extreme, z disagrees",0.920294381224806,-0.21466245968291964,0.8343545823938321,-0.012822916956990227,-0.02595286304373534,0.01963624894288374,0.027402006147880242,-0.007765757204996504,-0.0739929488547304,-0.10700025049403106,0.11655716365799385,0.1178617833291753,-0.0013046196711814506,-0.003396905355756097,-0.15079918547916815,-0.035394287950897274,0.06494092477488,-0.10033521272577728,white,3m
3859,2024-11-20,short,"extreme, z disagrees",0.9666595691754558,-0.28987760663555495,-0.9769605166733532,-0.07238337987452836,-0.09914720893783069,0.11306673758676078,0.10704248165388075,0.006024255932880029,0.00610958408190343,-0.13116602952121403,-0.17236769353189552,-0.0814414805438809,-0.09092621298801462,0.22919740791130327,0.053746794632308026,-0.4470642749279137,-0.3307226051768736,-0.1163416697510401,white,3m
3875,2024-12-12,short,"extreme, z disagrees",1.0079616841112276,-0.32914354263703927,-0.9679264281296684,0.08982171179609932,-0.043513148569597204,-0.20116280563131872,-0.07671240561760018,-0.12445040001371854,0.24696230865241442,0.09623302354669216,-0.43970638145802277,-0.3270251866289564,-0.11268119482906636,0.138163206289585,0.06077905640597159,-0.5939400540046309,-0.5401326732386059,-0.05380738076602498,white,3m
3883,2024-12-27,short,"extreme, z disagrees",1.0206135599460806,-0.35600246941062985,-0.8751964348975634,-0.016647649099100548,-0.07975409470779127,-0.07407757129199222,-0.026496605110976956,-0.04758096618101526,0.12270267921977807,0.06869000708634632,-0.45376854795378346,-0.41793401666540186,-0.0358345312883816,-0.08053984228902822,-0.0620710531567803,-0.48285510637951506,-0.5088181306575318,0.025963024278016722,white,3m
1525,2015-07-13,short,extreme alone,1.196651663088708,-0.7118756132854595,0.6507840743185689,-0.007319089119265709,0.09942163678786986,-0.09109337284241481,-0.16703197972540818,0.07593860688299336,0.01123938692923121,0.10006888600140462,-0.15491155189937733,-0.1507718591882925,-0.00413969271108483,0.04109063797552104,0.06444662573376736,-0.13436377747297423,-0.045533405253339154,-0.08883037221963508,white,3m
1850,2016-10-27,short,extreme alone,0.924181406952799,-0.07178595976119895,0.704973943996131,-0.06225009741937604,-0.06163147153002568,0.06489086232654784,0.10612638694595189,-0.04123552461940405,0.0015888156786506569,0.016462432475234823,-0.15986907037129672,-0.11244749411135013,-0.047421576259946585,0.17312695426127422,0.1930222190709231,-0.5541006893559219,-0.5240697748740297,-0.030030914481892212,white,3m
1865,2016-11-17,short,extreme alone,0.9437324725241557,-0.07227024357263045,0.22835121335681588,-0.06096861002511855,-0.0467039786588439,-0.04578726350907247,0.02188672459072105,-0.06767398809979353,0.08688712077350147,0.09570588227825916,-0.46253220523151073,-0.41181690869143006,-0.05071529654008067,0.26045037314998465,0.27341995262954144,-0.7362613660735677,-0.7263108325166618,-0.009950533556905894,white,3m
3708,2024-04-16,short,extreme alone,0.9332405874067335,-0.5631749345969324,-1.7526919011639657,0.13064634968213173,0.11362577707068855,-0.2555075642692156,-0.19788502364291138,-0.05762254062630423,0.10016786567017277,0.08023191884987035,-0.1870311011979453,-0.1404542872038963,-0.046576813994049004,-0.10522314540821975,0.03414081164960381,-0.0733884871003132,-0.05763854064260454,-0.015749946457708663,white,3m
3800,2024-08-28,short,extreme alone,0.9209829105082875,-0.3266468500320163,1.4527041516455745,0.024609506479867704,-0.008830682247368493,-0.05484621045116722,-0.031840176732385594,-0.023006033718781627,0.0185836470325369,-0.06333860688734338,-0.005305468585632078,0.030792925290088702,-0.03609839387572078,0.002581640374883065,-0.13162625972729547,0.06005003990922608,0.1434673541100474,-0.08341731420082132,white,3m
3829,2024-10-09,short,extreme alone,0.920294381224806,-0.21466245968291964,0.8343545823938321,-0.012822916956990227,-0.02595286304373534,0.01963624894288374,0.027402006147880242,-0.007765757204996504,-0.0739929488547304,-0.10700025049403106,0.11655716365799385,0.1178617833291753,-0.0013046196711814506,-0.003396905355756097,-0.15079918547916815,-0.035394287950897274,0.06494092477488,-0.10033521272577728,white,3m
1951,2017-03-24,long,combined (extreme AND z agrees),0.09399379437128014,0.730257510202085,1.3022611206478532,-0.01190109397098954,0.06692733699988068,0.003800321929762193,0.050126946217653304,-0.04632662428789111,-0.0993650310571989,-0.04487581874458585,-0.03548460435500665,0.00018413210237397393,-0.035668736457380626,-0.10577245596776658,-0.06883255896838575,-0.03244186783634008,-0.006322298953563746,-0.026119568882776334,white,6m
2909,2021-02-02,long,combined (extreme AND z agrees),0.0985945445011283,0.5368319360602551,2.362402709505347,0.02423152102298609,0.030310084691330563,0.0005886880947752471,0.00931847213363407,-0.008729784038858823,-0.04333570036121792,0.011373130120223673,-0.050275893560752426,-0.008601405813217028,-0.0416744877475354,-0.1356542186893881,0.10825305272026231,-0.10839206232626374,0.08278146893372215,-0.19117353125998587,white,6m
3090,2021-10-22,long,combined (extreme AND z agrees),0.09821927415965233,0.3949885038576885,1.0740932734802402,-0.02916531287130153,0.08013814118031315,-0.014842106772016972,0.07434306256985658,-0.08918516934187355,-0.02103202969121909,0.13036642896489525,-0.010226014414331963,0.11346986734323876,-0.12369588175757072,0.0020849564041348634,0.11877049560520658,0.01064228755311071,0.09644462694754334,-0.08580233939443263,white,6m
3127,2021-12-15,long,combined (extreme AND z agrees),0.06927508780680916,0.41420408452673574,1.186253491271695,0.060244015032505205,0.021855731255171706,0.05494502488717652,0.017805768318358672,0.03713925656881785,-0.023724794535181504,0.03150964708122106,-0.01952780245100362,0.02608414999975736,-0.04561195245076098,-0.04567340200134118,0.13939237045841701,-0.03105570002458423,0.15550952040287574,-0.18656522042746,white,6m
3134,2021-12-28,long,combined (extreme AND z agrees),0.094498889502663,0.41314078950428107,1.0710192242410392,-0.005907940954289703,-0.028810857008676027,-0.008420703660320022,-0.034997585785812094,0.02657688212549207,-0.045196116542804754,0.003271540540614515,-0.033742830458712,0.0066709978489050276,-0.04041382830761703,-0.038387528328070575,0.10755978078158424,-0.008903674002565476,0.14087417073035163,-0.1497778447329171,white,6m
3153,2022-01-24,long,combined (extreme AND z agrees),0.08917866793780346,0.43885290672556954,1.28144057467727,-0.02255153735201465,0.034097336704346004,-0.011606826167569265,0.04342281224666268,-0.055029638414231946,-0.02223789955012312,0.136441989690401,0.009023214135631619,0.18755035331391362,-0.178527139178282,-0.09030095374684755,0.1726975895260774,-0.0652612799603021,0.24079341642452168,-0.30605469638482374,white,6m
3251,2022-06-17,long,combined (extreme AND z agrees),0.09097922369484289,0.45926283120928213,1.2107485734925496,0.11671769107716345,-0.03316942920493693,0.1309807388619686,-0.04847312509751783,0.17945386395948643,0.1087114833505991,-0.06712543291811013,0.12355311064594254,-0.08368821931820619,0.20724132996414873,0.057187537677620526,0.02510373515282538,0.09749110307851161,0.03974195189034377,0.05774915118816784,white,6m
3410,2023-02-02,long,combined (extreme AND z agrees),0.09946312719596472,0.44811266547516815,1.338067972085769,-0.040675587416881154,-0.04009551428488889,-0.08621699035044704,-0.08524062565810396,-0.0009763646923430791,-0.07530923950084989,-0.04527104554614758,-0.15214868138379328,-0.1185500133123905,-0.033598668071402785,-0.1536124754084387,-0.17508017188294822,-0.20070552935278063,-0.24705592182809782,0.04635039247531719,white,6m
3440,2023-03-16,long,combined (extreme AND z agrees),0.013713263062950905,0.4475370412887819,1.0290069551425352,-0.14069967765410052,-0.09613018805035534,-0.17862633098921862,-0.12839203237445934,-0.05023429861475928,-0.04598976524682774,-0.0980910840258793,-0.038042372408168976,-0.12301240952744075,0.08497003711927177,-0.08315400487675961,-0.04909070333265464,-0.06271216824894273,-0.0483189072868538,-0.014393260962088927,white,6m
3487,2023-05-29,long,combined (extreme AND z agrees),-0.10806317821503354,0.5205150905535734,1.0342778362161746,0.0577149790666065,0.00026914278186951357,0.09207180310963899,0.012993652080394283,0.0790781510292447,0.1608202117939801,0.018677793745168758,0.21622231927865593,0.029920744602811425,0.18630157467584452,0.2021077349874012,-0.037572739164855706,0.2657853080205452,-0.021122693213891916,0.2869080012344371,white,6m
1981,2017-05-11,long,"extreme, z disagrees",0.09923941475944405,0.5394786468905998,0.3432452652646172,-0.06535165349191752,-0.061925505386144386,-0.03122193500852853,-0.025177324423656597,-0.0060446105848719345,-0.06551814178514648,0.008259794323779657,-0.02136465033453623,0.03375360838628945,-0.05511825872082568,-0.06727722097089756,-0.06385709296364722,-0.02506323909353647,0.01319228859232656,-0.03825552768586303,white,6m
2076,2017-09-26,long,"extreme, z disagrees",0.09640283800692445,0.2064845749066983,-1.35859951160856,-0.0007272940287598728,0.035882886074311726,0.004730231695111678,0.022027247570961847,-0.01729701587585017,0.0020790681302772507,0.03889947961373752,0.01240545672106727,0.03224771816793133,-0.01984226144686406,0.013475473633100588,-0.05895459896693628,0.005597358485710455,-0.019906936019976368,0.025504294505686823,white,6m
2122,2017-11-29,long,"extreme, z disagrees",0.0962971242072145,0.348712741567312,0.3109658204095169,0.13863107460269547,0.053569781754005674,0.06026295058166088,0.027159067193136502,0.03310388338852438,0.01408313915251197,-0.06575613074746128,0.009670769405714874,-0.02568988347723275,0.035360652882947624,0.0024372016913145056,-0.037261052124496985,0.018030663040729256,-0.003982283037972836,0.022012946078702092,white,6m
2936,2021-03-11,long,"extreme, z disagrees",0.09627788758692989,0.46920102241852824,0.9432106219817361,-0.06761564057454983,-0.0018188207198708284,-0.0362458398453394,0.0017579790993116629,-0.03800381894465106,-0.15360906544230568,0.08322859693470042,-0.10017688550473378,0.0698041492223324,-0.16998103472706616,-0.1502307656761226,0.030557976208651194,-0.07908841604889863,0.04545673317921416,-0.12454514922811279,white,6m
3106,2021-11-16,long,"extreme, z disagrees",0.08842834091903609,0.3739160328263317,0.9003700129539023,-0.0068407008581953255,0.04923982973824759,-0.01387022542061958,0.03228348717678749,-0.04615371259740707,0.058552415587990736,0.05770250365698126,0.044890037944724404,0.03648500502244548,0.008405032922278927,-0.009461128594752899,0.06915354345977998,-0.010414437636800097,0.04869917049534403,-0.05911360813214413,white,6m
3119,2021-12-03,long,"extreme, z disagrees",0.08895564459287628,0.3838280436047309,0.9568002129272516,0.045004879354619165,0.08584254455185314,0.03628446166811884,0.06687728085698426,-0.030592819188865417,0.005734397818027315,0.051063463066115755,-0.004667370766651455,0.026819426163971816,-0.03148679693062327,-0.047192793928717114,0.1377318457117893,-0.052307460271237935,0.12230440967893168,-0.1746118699501696,white,6m
3173,2022-02-21,long,"extreme, z disagrees",0.09058086583427491,0.41754843084789117,0.7410021683699717,0.0003136378018915309,0.102344652986055,0.020630040303200883,0.15309151897356335,-0.13246147867036245,-0.0677494163948329,0.13860025282173138,-0.05365445379273283,0.20964602164564414,-0.263300475438377,0.010090411169884517,0.21029534961743646,0.033373419650212885,0.3208203999892,-0.2874469803389871,white,6m
3188,2022-03-14,long,"extreme, z disagrees",0.0577280673528211,0.4121977028241495,0.17492510663932384,0.011450122827489029,0.013553515432321195,0.012336433473689401,0.020859517146467818,-0.008523083672778417,-0.0025898466761893335,0.14179437304965758,0.006033806932850785,0.20214610910720754,-0.19611230217435677,0.00608806776894566,0.09886560509571529,0.03182247225367092,0.15381464436638692,-0.121992172112716,white,6m
3247,2022-06-10,long,"extreme, z disagrees",0.08692530640988028,0.41118506094358487,0.39058736817876943,0.0967376750975728,-0.017624549902006903,0.12187784293218869,-0.02104485880933943,0.1429227017415281,0.10555419179472936,-0.06990545288283889,0.11828689404105412,-0.08112794175809557,0.1994148357991497,0.06170073159459255,0.03436725790502626,0.1071078279243655,0.0543378773316653,0.052769950592700204,white,6m
3435,2023-03-09,long,"extreme, z disagrees",0.03895851550343475,0.43454969209300204,0.9344494834083154,-0.10387743560131235,-0.03443672860845148,-0.1695812303082051,-0.0883937195001196,-0.0811875108080855,-0.14086943080399683,-0.11150150956520255,-0.1661054010590102,-0.15217232008796122,-0.013933080971048978,-0.12093179772554774,-0.0910418633726604,-0.13913609852936298,-0.13319618191469335,-0.005939916614669638,white,6m
3451,2023-04-03,long,"extreme, z disagrees",-0.0499539600215803,0.4501037899009912,0.9200780737727762,-0.07476340022702943,-0.0984841355762589,-0.04415127494530942,-0.08360518563580134,0.03945391069049192,-0.07069028130000365,-0.039720443097757574,-0.040512110117482986,-0.021068163602524587,-0.0194439465149584,0.011976629274450978,-0.09561937127103892,0.08311406930957667,-0.07225784940972321,0.1553719187192999,white,6m
3466,2023-04-26,long,"extreme, z disagrees",-0.12065268730332315,0.4897905497498273,0.9766762793420517,-0.02467679404879064,0.04434072168678682,-0.006269924167508115,0.06572027299736832,-0.07199019716487644,0.011425854649574019,0.08050376227638512,0.05489648437063877,0.1215899123422946,-0.06669342797165584,0.13478376284510252,0.080474686984217,0.2069553588705577,0.11763572104735576,0.08931963782320193,white,6m
1951,2017-03-24,long,extreme alone,0.09399379437128014,0.730257510202085,1.3022611206478532,-0.01190109397098954,0.06692733699988068,0.003800321929762193,0.050126946217653304,-0.04632662428789111,-0.0993650310571989,-0.04487581874458585,-0.03548460435500665,0.00018413210237397393,-0.035668736457380626,-0.10577245596776658,-0.06883255896838575,-0.03244186783634008,-0.006322298953563746,-0.026119568882776334,white,6m
1981,2017-05-11,long,extreme alone,0.09923941475944405,0.5394786468905998,0.3432452652646172,-0.06535165349191752,-0.061925505386144386,-0.03122193500852853,-0.025177324423656597,-0.0060446105848719345,-0.06551814178514648,0.008259794323779657,-0.02136465033453623,0.03375360838628945,-0.05511825872082568,-0.06727722097089756,-0.06385709296364722,-0.02506323909353647,0.01319228859232656,-0.03825552768586303,white,6m
2076,2017-09-26,long,extreme alone,0.09640283800692445,0.2064845749066983,-1.35859951160856,-0.0007272940287598728,0.035882886074311726,0.004730231695111678,0.022027247570961847,-0.01729701587585017,0.0020790681302772507,0.03889947961373752,0.01240545672106727,0.03224771816793133,-0.01984226144686406,0.013475473633100588,-0.05895459896693628,0.005597358485710455,-0.019906936019976368,0.025504294505686823,white,6m
2122,2017-11-29,long,extreme alone,0.0962971242072145,0.348712741567312,0.3109658204095169,0.13863107460269547,0.053569781754005674,0.06026295058166088,0.027159067193136502,0.03310388338852438,0.01408313915251197,-0.06575613074746128,0.009670769405714874,-0.02568988347723275,0.035360652882947624,0.0024372016913145056,-0.037261052124496985,0.018030663040729256,-0.003982283037972836,0.022012946078702092,white,6m
2909,2021-02-02,long,extreme alone,0.0985945445011283,0.5368319360602551,2.362402709505347,0.02423152102298609,0.030310084691330563,0.0005886880947752471,0.00931847213363407,-0.008729784038858823,-0.04333570036121792,0.011373130120223673,-0.050275893560752426,-0.008601405813217028,-0.0416744877475354,-0.1356542186893881,0.10825305272026231,-0.10839206232626374,0.08278146893372215,-0.19117353125998587,white,6m
3090,2021-10-22,long,extreme alone,0.09821927415965233,0.3949885038576885,1.0740932734802402,-0.02916531287130153,0.08013814118031315,-0.014842106772016972,0.07434306256985658,-0.08918516934187355,-0.02103202969121909,0.13036642896489525,-0.010226014414331963,0.11346986734323876,-0.12369588175757072,0.0020849564041348634,0.11877049560520658,0.01064228755311071,0.09644462694754334,-0.08580233939443263,white,6m
3153,2022-01-24,long,extreme alone,0.08917866793780346,0.43885290672556954,1.28144057467727,-0.02255153735201465,0.034097336704346004,-0.011606826167569265,0.04342281224666268,-0.055029638414231946,-0.02223789955012312,0.136441989690401,0.009023214135631619,0.18755035331391362,-0.178527139178282,-0.09030095374684755,0.1726975895260774,-0.0652612799603021,0.24079341642452168,-0.30605469638482374,white,6m
3247,2022-06-10,long,extreme alone,0.08692530640988028,0.41118506094358487,0.39058736817876943,0.0967376750975728,-0.017624549902006903,0.12187784293218869,-0.02104485880933943,0.1429227017415281,0.10555419179472936,-0.06990545288283889,0.11828689404105412,-0.08112794175809557,0.1994148357991497,0.06170073159459255,0.03436725790502626,0.1071078279243655,0.0543378773316653,0.052769950592700204,white,6m
3410,2023-02-02,long,extreme alone,0.09946312719596472,0.44811266547516815,1.338067972085769,-0.040675587416881154,-0.04009551428488889,-0.08621699035044704,-0.08524062565810396,-0.0009763646923430791,-0.07530923950084989,-0.04527104554614758,-0.15214868138379328,-0.1185500133123905,-0.033598668071402785,-0.1536124754084387,-0.17508017188294822,-0.20070552935278063,-0.24705592182809782,0.04635039247531719,white,6m
1631,2015-12-10,short,combined (extreme AND z agrees),1.3706878249126737,-0.6031198009332028,-1.0337024387200686,-0.14875706210293527,-0.14265165832865745,0.4679836851575778,0.4971627373511238,-0.029179052193545996,-0.23157569912083598,-0.2027555823983629,0.6376282857732594,0.6648604067064616,-0.027232120933202264,-0.23240553448935097,-0.16474049139688995,0.5407321045851348,0.6021777438057223,-0.061445639220587545,white,6m
3708,2024-04-16,short,combined (extreme AND z agrees),0.9332405874067335,-0.5631749345969324,-2.5058680940401126,0.13064634968213173,0.11362577707068855,-0.2555075642692156,-0.19788502364291138,-0.05762254062630423,0.10016786567017277,0.08023191884987035,-0.1870311011979453,-0.1404542872038963,-0.046576813994049004,-0.10522314540821975,0.03414081164960381,-0.0733884871003132,-0.05763854064260454,-0.015749946457708663,white,6m
3881,2024-12-23,short,combined (extreme AND z agrees),1.1215061032928513,-0.468930178352736,-1.4200770638207776,0.08410625903369584,0.005485310112119057,-0.3179394119001233,-0.2531987050089013,-0.06474070689122202,0.2498626543345419,0.13324923476618222,-0.6571944375522634,-0.572038132644459,-0.08515630490780435,0.009882788430112477,-0.0030492717241150658,-0.6859655449215689,-0.6829221497336897,-0.0030433951878792165,white,6m
1575,2015-09-22,short,"extreme, z disagrees",0.990479587757767,-0.14294852050587825,1.8925780216072847,-0.002422481389080411,0.0031506012198819766,0.00987840176454946,-0.007516423945095885,0.017394825709645345,-0.02591104093081742,-0.019315242230744323,0.04999305778766461,0.056383771637171565,-0.006390713849506957,-0.17221628321731774,-0.2481597021249602,0.5861219376379387,0.6824614040935719,-0.09633946645563318,white,6m
1710,2016-04-07,short,"extreme, z disagrees",1.8485040123462861,-1.2086826717224026,-0.9509544242078315,0.004569381139943207,-0.020845054160095966,-0.4738913380222576,0.10484342278952585,-0.5787347608117834,0.15233765080559758,0.006797693657704773,-0.5795417469807429,0.0615649024612559,-0.6411066494419988,-0.028123059277562312,0.03592699887555639,-0.508393803211644,-0.009300302479387623,-0.49909350073225633,white,6m
1850,2016-10-27,short,"extreme, z disagrees",0.924181406952799,-0.07178595976119895,1.2950504110190015,-0.06225009741937604,-0.06163147153002568,0.06489086232654784,0.10612638694595189,-0.04123552461940405,0.0015888156786506569,0.016462432475234823,-0.15986907037129672,-0.11244749411135013,-0.047421576259946585,0.17312695426127422,0.1930222190709231,-0.5541006893559219,-0.5240697748740297,-0.030030914481892212,white,6m
1865,2016-11-17,short,"extreme, z disagrees",0.9437324725241557,-0.07227024357263045,0.9663831197814727,-0.06096861002511855,-0.0467039786588439,-0.04578726350907247,0.02188672459072105,-0.06767398809979353,0.08688712077350147,0.09570588227825916,-0.46253220523151073,-0.41181690869143006,-0.05071529654008067,0.26045037314998465,0.27341995262954144,-0.7362613660735677,-0.7263108325166618,-0.009950533556905894,white,6m
3800,2024-08-28,short,"extreme, z disagrees",0.9209829105082875,-0.3266468500320163,0.6066120190426061,0.024609506479867704,-0.008830682247368493,-0.05484621045116722,-0.031840176732385594,-0.023006033718781627,0.0185836470325369,-0.06333860688734338,-0.005305468585632078,0.030792925290088702,-0.03609839387572078,0.002581640374883065,-0.13162625972729547,0.06005003990922608,0.1434673541100474,-0.08341731420082132,white,6m
3829,2024-10-09,short,"extreme, z disagrees",0.920294381224806,-0.21466245968291964,1.3827164539138872,-0.012822916956990227,-0.02595286304373534,0.01963624894288374,0.027402006147880242,-0.007765757204996504,-0.0739929488547304,-0.10700025049403106,0.11655716365799385,0.1178617833291753,-0.0013046196711814506,-0.003396905355756097,-0.15079918547916815,-0.035394287950897274,0.06494092477488,-0.10033521272577728,white,6m
1575,2015-09-22,short,extreme alone,0.990479587757767,-0.14294852050587825,1.8925780216072847,-0.002422481389080411,0.0031506012198819766,0.00987840176454946,-0.007516423945095885,0.017394825709645345,-0.02591104093081742,-0.019315242230744323,0.04999305778766461,0.056383771637171565,-0.006390713849506957,-0.17221628321731774,-0.2481597021249602,0.5861219376379387,0.6824614040935719,-0.09633946645563318,white,6m
1850,2016-10-27,short,extreme alone,0.924181406952799,-0.07178595976119895,1.2950504110190015,-0.06225009741937604,-0.06163147153002568,0.06489086232654784,0.10612638694595189,-0.04123552461940405,0.0015888156786506569,0.016462432475234823,-0.15986907037129672,-0.11244749411135013,-0.047421576259946585,0.17312695426127422,0.1930222190709231,-0.5541006893559219,-0.5240697748740297,-0.030030914481892212,white,6m
1865,2016-11-17,short,extreme alone,0.9437324725241557,-0.07227024357263045,0.9663831197814727,-0.06096861002511855,-0.0467039786588439,-0.04578726350907247,0.02188672459072105,-0.06767398809979353,0.08688712077350147,0.09570588227825916,-0.46253220523151073,-0.41181690869143006,-0.05071529654008067,0.26045037314998465,0.27341995262954144,-0.7362613660735677,-0.7263108325166618,-0.009950533556905894,white,6m
3708,2024-04-16,short,extreme alone,0.9332405874067335,-0.5631749345969324,-2.5058680940401126,0.13064634968213173,0.11362577707068855,-0.2555075642692156,-0.19788502364291138,-0.05762254062630423,0.10016786567017277,0.08023191884987035,-0.1870311011979453,-0.1404542872038963,-0.046576813994049004,-0.10522314540821975,0.03414081164960381,-0.0733884871003132,-0.05763854064260454,-0.015749946457708663,white,6m
3800,2024-08-28,short,extreme alone,0.9209829105082875,-0.3266468500320163,0.6066120190426061,0.024609506479867704,-0.008830682247368493,-0.05484621045116722,-0.031840176732385594,-0.023006033718781627,0.0185836470325369,-0.06333860688734338,-0.005305468585632078,0.030792925290088702,-0.03609839387572078,0.002581640374883065,-0.13162625972729547,0.06005003990922608,0.1434673541100474,-0.08341731420082132,white,6m
3829,2024-10-09,short,extreme alone,0.920294381224806,-0.21466245968291964,1.3827164539138872,-0.012822916956990227,-0.02595286304373534,0.01963624894288374,0.027402006147880242,-0.007765757204996504,-0.0739929488547304,-0.10700025049403106,0.11655716365799385,0.1178617833291753,-0.0013046196711814506,-0.003396905355756097,-0.15079918547916815,-0.035394287950897274,0.06494092477488,-0.10033521272577728,white,6m
