side,group,period,horizon,entries,mean_arb,median_arb,hit_rate,t_entries,mean_safex,grain_class,window
long,combined (extreme AND z agrees),full,20,5,-0.0016417388369241114,0.00894825179434644,0.6,-0.06117906793358541,-0.02519316432393237,yellow,3m
long,combined (extreme AND z agrees),full,40,5,-0.041670453290041196,-0.05264627773964692,0.4,-1.2332626059965217,-0.03665664941229112,yellow,3m
long,combined (extreme AND z agrees),full,60,5,-0.0067166610922201105,-0.0009034353173345,0.4,-0.1588899454697153,-0.032273919912989245,yellow,3m
long,combined (extreme AND z agrees),development,20,3,0.027587669170845836,0.024538482749777768,0.6666666666666666,1.4858126417460982,0.010667893315041662,yellow,3m
long,combined (extreme AND z agrees),development,40,3,-0.006583522646840183,0.02894074966108917,0.6666666666666666,-0.16022266189905587,0.011102267685632642,yellow,3m
long,combined (extreme AND z agrees),development,60,3,0.056582150858670945,0.0663223891280127,0.6666666666666666,1.839144977294785,0.003291218046746147,yellow,3m
long,combined (extreme AND z agrees),holdout,20,2,-0.045485850848579035,-0.045485850848579035,0.5,,-0.07898475078239342,yellow,3m
long,combined (extreme AND z agrees),holdout,40,2,-0.09430084925484272,-0.09430084925484272,0.0,,-0.10829502505917676,yellow,3m
long,combined (extreme AND z agrees),holdout,60,2,-0.1016648790185567,-0.1016648790185567,0.0,,-0.08562162685259234,yellow,3m
long,extreme alone,full,20,6,-0.03782436218056049,-0.027549531943786176,0.3333333333333333,-1.2208642733323705,-0.004151229655608897,yellow,3m
long,extreme alone,full,40,6,-0.060223827045071676,-0.06841976076624645,0.16666666666666666,-2.4753004086069073,-0.02970847819792466,yellow,3m
long,extreme alone,full,60,6,-0.030918667510269077,-0.04263646370270768,0.16666666666666666,-0.8564662233543795,-0.036046416108252266,yellow,3m
long,extreme alone,development,20,4,-0.021477902189553283,-0.027549531943786176,0.25,-0.6535564381547835,0.033174934575724596,yellow,3m
long,extreme alone,development,40,4,-0.038894189481813585,-0.05541061138042819,0.25,-1.3398961940239988,0.022591874270535522,yellow,3m
long,extreme alone,development,60,4,0.009434919876648018,-0.01177494583735278,0.25,0.23444341822006468,0.010666136066477816,yellow,3m
long,extreme alone,holdout,20,2,-0.07051728216257491,-0.07051728216257491,0.5,,-0.07880355811827588,yellow,3m
long,extreme alone,holdout,40,2,-0.10288310217158786,-0.10288310217158786,0.0,,-0.13430918313484502,yellow,3m
long,extreme alone,holdout,60,2,-0.11162584228410327,-0.11162584228410327,0.0,,-0.12947152045771243,yellow,3m
long,"extreme, z disagrees",full,20,8,-0.041751320740244194,-0.057981069660879014,0.25,-1.3271579516195229,-0.02298889610551376,yellow,3m
long,"extreme, z disagrees",full,40,8,-0.025081252074341948,-0.05541061138042819,0.375,-0.6872446435914414,-0.08211498817614668,yellow,3m
long,"extreme, z disagrees",full,60,8,-0.00914419840505086,-0.04263646370270768,0.375,-0.18940637066196514,-0.0704424515059827,yellow,3m
long,"extreme, z disagrees",development,20,3,-0.02765759959242838,-0.05216025390664436,0.3333333333333333,-0.6059100775462966,0.028256927149030536,yellow,3m
long,"extreme, z disagrees",development,40,3,-0.022351481408405777,-0.043792484801500664,0.3333333333333333,-0.6626044096351384,-0.02062699957071486,yellow,3m
long,"extreme, z disagrees",development,60,3,0.01288103827464219,-0.02264645635737106,0.3333333333333333,0.22716102994934068,-0.036401911099432104,yellow,3m
long,"extreme, z disagrees",holdout,20,5,-0.05020755342893368,-0.05844119264704317,0.2,-1.0960474256818284,-0.05373639005824034,yellow,3m
long,"extreme, z disagrees",holdout,40,5,-0.026719114473903648,-0.06981078357313719,0.4,-0.45916203041579623,-0.11900778133940577,yellow,3m
long,"extreme, z disagrees",holdout,60,5,-0.02235934041286669,-0.11940681528588026,0.4,-0.3030079248644631,-0.09086677574991306,yellow,3m
short,combined (extreme AND z agrees),full,20,8,0.043910184451645184,0.03411438551879098,0.75,2.5876718441647446,-0.026825398200850836,yellow,3m
short,combined (extreme AND z agrees),full,40,8,0.06864780404627,0.06771260361075582,0.75,1.685164998325347,-0.026245474899430216,yellow,3m
short,combined (extreme AND z agrees),full,60,8,0.04504480777176016,0.04418426640310502,0.625,0.8394602830808249,0.034835866357539144,yellow,3m
short,combined (extreme AND z agrees),development,20,3,0.008429963511872307,0.004732170594526464,0.6666666666666666,1.335869617703995,-0.09571818665170917,yellow,3m
short,combined (extreme AND z agrees),development,40,3,-0.04435927132063614,-0.02613809024751501,0.3333333333333333,-1.2299033225921556,-0.1225607692280933,yellow,3m
short,combined (extreme AND z agrees),development,60,3,-0.09697096590045014,-0.10556488779023843,0.3333333333333333,-1.7980066783848834,-0.025638469000961228,yellow,3m
short,combined (extreme AND z agrees),holdout,20,5,0.0651983170155089,0.05843119308903355,0.8,2.9388262283160667,0.014510274869664164,yellow,3m
short,combined (extreme AND z agrees),holdout,40,5,0.1364520492664137,0.11553916423337462,1.0,3.953376525560777,0.031543701697767636,yellow,3m
short,combined (extreme AND z agrees),holdout,60,5,0.13025427197508635,0.12312632799527323,0.8,2.687493598255433,0.07112046757263937,yellow,3m
short,extreme alone,full,20,7,0.04782058820989251,0.026936091157164888,0.5714285714285714,1.6383871459911614,0.06899854837377771,yellow,3m
short,extreme alone,full,40,7,0.024497097356165978,-0.00464251904058699,0.42857142857142855,0.5793283925144662,0.03579633540260611,yellow,3m
short,extreme alone,full,60,7,0.0015895888328866078,-0.021112564754010132,0.2857142857142857,0.0334516828482781,0.0061749229191649935,yellow,3m
short,extreme alone,development,20,1,-0.041651354080642244,-0.041651354080642244,0.0,,0.06508937182649333,yellow,3m
short,extreme alone,development,40,1,-0.07724041628826939,-0.07724041628826939,0.0,,0.011589082783904026,yellow,3m
short,extreme alone,development,60,1,-0.019939255025216873,-0.019939255025216873,0.0,,0.0034167327330294484,yellow,3m
short,extreme alone,holdout,20,6,0.06273257859164831,0.06888053726941662,0.6666666666666666,2.113073082205921,0.0696500777983251,yellow,3m
short,extreme alone,holdout,40,6,0.041453349630238535,0.018180136352566212,0.5,0.9044248587100069,0.03983087750572312,yellow,3m
short,extreme alone,holdout,60,6,0.005177729475903854,-0.04200837898468596,0.3333333333333333,0.09235281966315112,0.006634621283520918,yellow,3m
short,"extreme, z disagrees",full,20,13,-0.004655562491536365,-0.010076484383731321,0.38461538461538464,-0.23062197760868366,0.0016005306958861367,yellow,3m
short,"extreme, z disagrees",full,40,13,-0.007752290786056488,-0.00464251904058699,0.46153846153846156,-0.28770500410129624,0.009509645844650253,yellow,3m
short,"extreme, z disagrees",full,60,13,-0.0069177610602574584,-0.019939255025216873,0.46153846153846156,-0.21426751409474487,0.019338461519007977,yellow,3m
short,"extreme, z disagrees",development,20,6,-0.04325450406346343,-0.042574608414526094,0.16666666666666666,-1.9378582413122736,-0.011188442632858306,yellow,3m
short,"extreme, z disagrees",development,40,6,-0.038818469592465044,-0.055309995729260764,0.3333333333333333,-0.8149310515159016,0.03814869394929162,yellow,3m
short,"extreme, z disagrees",development,60,6,-0.013400250823590623,0.007154524070229762,0.5,-0.24121451687325932,0.09023326414336395,yellow,3m
short,"extreme, z disagrees",holdout,20,7,0.028429244570115402,0.026936091157164888,0.5714285714285714,1.0295575571912836,0.012562507834809944,yellow,3m
short,"extreme, z disagrees",holdout,40,7,0.018875862476579415,0.011573430648134764,0.5714285714285714,0.659180158138665,-0.015038109673613773,yellow,3m
short,"extreme, z disagrees",holdout,60,7,-0.0013613412631147443,-0.06290419321536178,0.42857142857142855,-0.0334523521915389,-0.04142851215901143,yellow,3m
long,combined (extreme AND z agrees),full,20,5,-0.005876801603974901,0.00894825179434644,0.6,-0.14897764608503122,-0.03425491928780631,yellow,6m
long,combined (extreme AND z agrees),full,40,5,-0.037028667039651644,-0.06981078357313719,0.4,-0.9314344718087929,-0.061219662948321776,yellow,6m
long,combined (extreme AND z agrees),full,60,5,-0.0123696842439887,-0.0009034353173345,0.4,-0.284194789174646,-0.06436681221802795,yellow,6m
long,combined (extreme AND z agrees),development,20,3,0.03721685210175844,0.024538482749777768,0.6666666666666666,1.3493088584889932,-0.004555826734159922,yellow,6m
long,combined (extreme AND z agrees),development,40,3,0.0068742897149725035,0.02894074966108917,0.6666666666666666,0.13764762290969917,-0.012493316157306275,yellow,6m
long,combined (extreme AND z agrees),development,60,3,0.05380108778275435,0.0663223891280127,0.6666666666666666,1.877139008977747,-0.020963673391571642,yellow,6m
long,combined (extreme AND z agrees),holdout,20,2,-0.07051728216257491,-0.07051728216257491,0.5,,-0.07880355811827588,yellow,6m
long,combined (extreme AND z agrees),holdout,40,2,-0.10288310217158786,-0.10288310217158786,0.0,,-0.13430918313484502,yellow,6m
long,combined (extreme AND z agrees),holdout,60,2,-0.11162584228410327,-0.11162584228410327,0.0,,-0.12947152045771243,yellow,6m
long,extreme alone,full,20,6,-0.03782436218056049,-0.027549531943786176,0.3333333333333333,-1.2208642733323705,-0.004151229655608897,yellow,6m
long,extreme alone,full,40,6,-0.060223827045071676,-0.06841976076624645,0.16666666666666666,-2.4753004086069073,-0.02970847819792466,yellow,6m
long,extreme alone,full,60,6,-0.030918667510269077,-0.04263646370270768,0.16666666666666666,-0.8564662233543795,-0.036046416108252266,yellow,6m
long,extreme alone,development,20,4,-0.021477902189553283,-0.027549531943786176,0.25,-0.6535564381547835,0.033174934575724596,yellow,6m
long,extreme alone,development,40,4,-0.038894189481813585,-0.05541061138042819,0.25,-1.3398961940239988,0.022591874270535522,yellow,6m
long,extreme alone,development,60,4,0.009434919876648018,-0.01177494583735278,0.25,0.23444341822006468,0.010666136066477816,yellow,6m
long,extreme alone,holdout,20,2,-0.07051728216257491,-0.07051728216257491,0.5,,-0.07880355811827588,yellow,6m
long,extreme alone,holdout,40,2,-0.10288310217158786,-0.10288310217158786,0.0,,-0.13430918313484502,yellow,6m
long,extreme alone,holdout,60,2,-0.11162584228410327,-0.11162584228410327,0.0,,-0.12947152045771243,yellow,6m
long,"extreme, z disagrees",full,20,4,0.00012023562619617456,0.00429721096592417,0.5,0.0028234876176011655,0.022130096041396763,yellow,6m
long,"extreme, z disagrees",full,40,4,0.012738356880319157,-1.2853132930812361e-05,0.5,0.3002253863695164,-0.023908947863025942,yellow,6m
long,"extreme, z disagrees",full,60,4,0.0565119909292974,0.05063479293598544,0.5,0.9536810186622522,-0.026160158169422715,yellow,6m
long,"extreme, z disagrees",development,20,3,-0.02765759959242838,-0.05216025390664436,0.3333333333333333,-0.6059100775462966,0.028256927149030536,yellow,6m
long,"extreme, z disagrees",development,40,3,-0.022351481408405777,-0.043792484801500664,0.3333333333333333,-0.6626044096351384,-0.02062699957071486,yellow,6m
long,"extreme, z disagrees",development,60,3,0.01288103827464219,-0.02264645635737106,0.3333333333333333,0.22716102994934068,-0.036401911099432104,yellow,6m
long,"extreme, z disagrees",holdout,20,1,0.08345374128206984,0.08345374128206984,1.0,,0.0037496027184954484,yellow,6m
long,"extreme, z disagrees",holdout,40,1,0.11800787174649396,0.11800787174649396,1.0,,-0.03375479273995918,yellow,6m
long,"extreme, z disagrees",holdout,60,1,0.18740484889326303,0.18740484889326303,1.0,,0.0045651006206054445,yellow,6m
short,combined (extreme AND z agrees),full,20,6,0.03182684368253249,0.012730713704350971,0.6666666666666666,1.1862150818414012,-0.024211479196284708,yellow,6m
short,combined (extreme AND z agrees),full,40,6,0.035092567723404335,0.0037945097714301435,0.6666666666666666,0.7321007765439292,-0.003092499916083069,yellow,6m
short,combined (extreme AND z agrees),full,60,6,0.01971927408464656,0.009198234484245893,0.5,0.29852900504044355,0.08433485461415414,yellow,6m
short,combined (extreme AND z agrees),development,20,4,-0.008598471634418403,-0.010617191389951763,0.5,-0.6695472585559185,-0.09556927172946306,yellow,6m
short,combined (extreme AND z agrees),development,40,4,-0.03186603497457435,-0.010262208091951996,0.5,-1.1379167909606092,-0.07848454225274543,yellow,6m
short,combined (extreme AND z agrees),development,60,4,-0.030835192998846073,-0.033027927033868254,0.5,-0.4363166598318323,0.03038006449669306,yellow,6m
short,combined (extreme AND z agrees),holdout,20,2,0.11267747431643427,0.11267747431643427,1.0,,0.11850410587007199,yellow,6m
short,combined (extreme AND z agrees),holdout,40,2,0.16900977311936172,0.16900977311936172,1.0,,0.14769158475724165,yellow,6m
short,combined (extreme AND z agrees),holdout,60,2,0.12082820825163182,0.12082820825163182,0.5,,0.19224443484907633,yellow,6m
short,extreme alone,full,20,7,0.05430537418790059,0.026936091157164888,0.7142857142857143,2.0517204684780177,0.061030813880618186,yellow,6m
short,extreme alone,full,40,7,0.02089319129188061,-0.00464251904058699,0.42857142857142855,0.47641594609206306,0.020444757856592118,yellow,6m
short,extreme alone,full,60,7,-0.01095537563979557,-0.06290419321536178,0.2857142857142857,-0.21886894858306394,-0.020555671077215582,yellow,6m
short,extreme alone,development,20,1,0.003742147765414261,0.003742147765414261,1.0,,0.009315230374376648,yellow,6m
short,extreme alone,development,40,1,-0.10246775873826697,-0.10246775873826697,0.0,,-0.09587196003819387,yellow,6m
short,extreme alone,development,60,1,-0.10775400633399213,-0.10775400633399213,0.0,,-0.18369742524163457,yellow,6m
short,extreme alone,holdout,20,6,0.06273257859164831,0.06888053726941662,0.6666666666666666,2.113073082205921,0.0696500777983251,yellow,6m
short,extreme alone,holdout,40,6,0.041453349630238535,0.018180136352566212,0.5,0.9044248587100069,0.03983087750572312,yellow,6m
short,extreme alone,holdout,60,6,0.005177729475903854,-0.04200837898468596,0.3333333333333333,0.09235281966315112,0.006634621283520918,yellow,6m
short,"extreme, z disagrees",full,20,8,0.021939170058767082,-0.0016089887624858301,0.5,0.7627637257942756,0.061875735123261694,yellow,6m
short,"extreme, z disagrees",full,40,8,-0.012013661370703671,-0.02320063165500169,0.375,-0.33067710747164947,0.041162032188205494,yellow,6m
short,"extreme, z disagrees",full,60,8,-0.026840953651250346,-0.07014971907365208,0.375,-0.7495363318720482,-0.014156389132823091,yellow,6m
short,"extreme, z disagrees",development,20,4,0.006118209388278839,-0.0016089887624858301,0.5,0.1330480668453267,0.07852840648407172,yellow,6m
short,"extreme, z disagrees",development,40,4,-0.0017024606270842901,0.008636863161518349,0.5,-0.023208467928296835,0.09642354049644714,yellow,6m
short,"extreme, z disagrees",development,60,4,-0.0010343973905405646,-0.012011200885320261,0.5,-0.015622780002532732,0.057857507233610606,yellow,6m
short,"extreme, z disagrees",holdout,20,4,0.037760130729255326,0.008429803386716783,0.5,0.9501923356621867,0.045223063762451665,yellow,6m
short,"extreme, z disagrees",holdout,40,4,-0.022324862114323052,-0.02320063165500169,0.25,-0.8391999481294113,-0.014099476120036147,yellow,6m
short,"extreme, z disagrees",holdout,60,4,-0.05264750991196013,-0.07014971907365208,0.25,-1.5481259416134137,-0.08617028549925679,yellow,6m
long,combined (extreme AND z agrees),full,20,13,0.0128368103737528,0.022962343788110795,0.5384615384615384,0.7207411150590272,0.0064100237596461706,white,3m
long,combined (extreme AND z agrees),full,40,13,0.0017963139089558276,-0.02103202969121909,0.38461538461538464,0.09599010999976262,0.007384187470875816,white,3m
long,combined (extreme AND z agrees),full,60,13,-0.017607863899150367,-0.01116925625252263,0.38461538461538464,-0.6686764993803929,0.0393417102038554,white,3m
long,combined (extreme AND z agrees),development,20,9,0.03424553553976466,0.023027981491617444,0.6666666666666666,1.8493060873902978,0.027736942584562402,white,3m
long,combined (extreme AND z agrees),development,40,9,0.002291729688883748,-0.02103202969121909,0.4444444444444444,0.14227114984435102,0.022477160405711454,white,3m
long,combined (extreme AND z agrees),development,60,9,-0.029210479609801294,-0.01116925625252263,0.3333333333333333,-1.5242654678702956,0.08695062766710672,white,3m
long,combined (extreme AND z agrees),holdout,20,4,-0.03533282124977388,-0.03196160636594436,0.25,-1.1468810417011828,-0.041575543596415354,white,3m
long,combined (extreme AND z agrees),holdout,40,4,0.0006816284041180065,-0.04071240188828562,0.25,0.01245492660897152,-0.02657500163250437,white,3m
long,combined (extreme AND z agrees),holdout,60,4,0.008498021449814208,-0.006313915024986794,0.5,0.1055468647479391,-0.06777835408846006,white,3m
long,extreme alone,full,20,9,0.009914199065710012,-0.01190109397098954,0.3333333333333333,0.4451981330826902,0.020142221981238623,white,3m
long,extreme alone,full,40,9,-0.02278684920758187,-0.02223789955012312,0.3333333333333333,-1.1291255698748588,0.011059152754667055,white,3m
long,extreme alone,full,60,9,-0.052546551273355106,-0.06727722097089756,0.4444444444444444,-2.101494228055273,0.0033447689833508987,white,3m
long,extreme alone,development,20,8,0.016237922376033907,-0.0063141939998747065,0.375,0.6706725571648777,0.027671939014504564,white,3m
long,extreme alone,development,40,8,-0.016221550420923367,-0.021634964620671104,0.375,-0.7496680408819029,0.018100427542268885,white,3m
long,extreme alone,development,60,8,-0.03991331075646966,-0.032596132283381346,0.5,-1.6312844146902403,0.02564788659163829,white,3m
long,extreme alone,holdout,20,1,-0.040675587416881154,-0.040675587416881154,0.0,,-0.04009551428488889,white,3m
long,extreme alone,holdout,40,1,-0.07530923950084989,-0.07530923950084989,0.0,,-0.04527104554614758,white,3m
long,extreme alone,holdout,60,1,-0.1536124754084387,-0.1536124754084387,0.0,,-0.17508017188294822,white,3m
long,"extreme, z disagrees",full,20,9,-0.019239761699578292,-0.01190109397098954,0.2222222222222222,-1.975242749184227,0.020897170713934623,white,3m
long,"extreme, z disagrees",full,40,9,-0.03561428084132078,-0.024522930719299563,0.3333333333333333,-2.1547936777415506,0.024208512033856475,white,3m
long,"extreme, z disagrees",full,60,9,-0.03443105637275432,-0.06727722097089756,0.3333333333333333,-1.180697342877854,0.015539497435046944,white,3m
long,"extreme, z disagrees",development,20,7,-0.016993067464074,-0.005782032953510097,0.2857142857142857,-1.3494244767982446,0.025693119879156234,white,3m
long,"extreme, z disagrees",development,40,7,-0.033687724538925996,-0.024522930719299563,0.2857142857142857,-1.8607510712289708,0.04150606219062015,white,3m
long,"extreme, z disagrees",development,60,7,-0.047273352661096515,-0.06727722097089756,0.2857142857142857,-1.9318728910053602,0.020628745963183908,white,3m
long,"extreme, z disagrees",holdout,20,2,-0.02710319152384333,-0.02710319152384333,0.0,,0.0041113486356589846,white,3m
long,"extreme, z disagrees",holdout,40,2,-0.04235722789970253,-0.04235722789970253,0.5,,-0.03633291351481638,white,3m
long,"extreme, z disagrees",holdout,60,2,0.010516980636443352,0.010516980636443352,0.5,,-0.0022728724134324363,white,3m
short,combined (extreme AND z agrees),full,20,6,0.012729202670665185,0.020853769359638674,0.6666666666666666,0.3496908607005496,-0.012171756204020537,white,3m
short,combined (extreme AND z agrees),full,40,6,0.03295112603565629,0.07315120669879016,0.8333333333333334,0.5937714995781759,-0.05880817914939027,white,3m
short,combined (extreme AND z agrees),full,60,6,0.011683542125388155,0.04989930475653137,0.5,0.16673684957932294,-0.04121406956767313,white,3m
short,combined (extreme AND z agrees),development,20,4,0.002375795690352095,0.020853769359638674,0.75,0.058837308488404357,-0.03409215832311971,white,3m
short,combined (extreme AND z agrees),development,40,4,0.012851085704089354,0.08138825972799346,0.75,0.1517312823727373,-0.08750360790716935,white,3m
short,combined (extreme AND z agrees),development,60,4,0.0031403296504160794,0.04989930475653137,0.5,0.032722814501298346,-0.07748326111461804,white,3m
short,combined (extreme AND z agrees),holdout,20,2,0.033436016631291365,0.033436016631291365,0.5,,0.031669048034177805,white,3m
short,combined (extreme AND z agrees),holdout,40,2,0.07315120669879016,0.07315120669879016,1.0,,-0.0014173216338321248,white,3m
short,combined (extreme AND z agrees),holdout,60,2,0.028769967075332303,0.028769967075332303,0.5,,0.031324313526216674,white,3m
short,extreme alone,full,20,6,0.0019825237735414856,-0.010071003038127968,0.3333333333333333,0.06805238971918019,0.011654736396430831,white,3m
short,extreme alone,full,40,6,0.024078981204893768,0.014911516980884054,0.8333333333333334,0.931333694680337,0.020355043703899085,white,3m
short,extreme alone,full,60,6,0.061438259166281185,0.02183613917520205,0.6666666666666666,1.1347792754087258,0.047100693979562014,white,3m
short,extreme alone,development,20,3,-0.04351259885458677,-0.06096861002511855,0.0,-2.403939856348278,-0.0029712711336665754,white,3m
short,extreme alone,development,40,3,0.03323844112712778,0.01123938692923121,1.0,1.2324859081456085,0.0707457335849662,white,3m
short,extreme alone,development,60,3,0.15822265512892664,0.17312695426127422,1.0,2.481507868328694,0.1769629324780773,white,3m
short,extreme alone,holdout,20,3,0.04747764640166974,0.024609506479867704,0.6666666666666666,1.1050209970657539,0.02628074392652824,white,3m
short,extreme alone,holdout,40,3,0.014919521282659757,0.0185836470325369,0.6666666666666666,0.2965561319485672,-0.03003564617716803,white,3m
short,extreme alone,holdout,60,3,-0.03534613679636426,-0.003396905355756097,0.3333333333333333,-1.010435129797901,-0.08276154451895328,white,3m
short,"extreme, z disagrees",full,20,12,-0.0005164061277365776,-0.010071003038127968,0.4166666666666667,-0.02935952133297646,-0.0116999530306967,white,3m
short,"extreme, z disagrees",full,40,12,0.06134778874834373,0.03958872626512355,0.9166666666666666,2.3863983950286136,0.021586030545551093,white,3m
short,"extreme, z disagrees",full,60,12,0.10518245268915245,0.10972725927438676,0.8333333333333334,3.5035209707120636,0.04525048599952342,white,3m
short,"extreme, z disagrees",development,20,7,-0.0026820208397409745,-0.007319089119265709,0.42857142857142855,-0.10690312779894202,0.01668550873399466,white,3m
short,"extreme, z disagrees",development,40,7,0.059401170692603186,0.06059380549771021,1.0,2.396995851222273,0.05651631754516616,white,3m
short,"extreme, z disagrees",development,60,7,0.1394548464769775,0.13577017450367146,1.0,4.668612213043797,0.11042521133132077,white,3m
short,"extreme, z disagrees",holdout,20,5,0.0025154544690695778,-0.012822916956990227,0.4,0.09399757659778596,-0.0514395995012646,white,3m
short,"extreme, z disagrees",holdout,40,5,0.06407305402638049,0.0185836470325369,0.8,1.1566100054417836,-0.02731637125391,white,3m
short,"extreme, z disagrees",holdout,60,5,0.057201101386197405,0.002581640374883065,0.6,1.0293099839156907,-0.04599412946499286,white,3m
long,combined (extreme AND z agrees),full,20,10,0.0008007055979684152,-0.008904517462639622,0.4,0.036151390346368203,0.0035391785064054436,white,6m
long,combined (extreme AND z agrees),full,40,10,-0.010665888134084372,-0.03353024744819971,0.2,-0.41438827512293674,0.0076277148907801405,white,6m
long,combined (extreme AND z agrees),full,60,10,-0.039117480994945567,-0.0644137034390504,0.3,-1.1698120162937606,0.03412008508955286,white,6m
long,combined (extreme AND z agrees),development,20,7,0.018809620283437047,-0.005907940954289703,0.42857142857142855,0.9377320802922038,0.02447833494534702,white,6m
long,combined (extreme AND z agrees),development,40,7,-0.020882869769592312,-0.023724794535181504,0.14285714285714285,-0.8725150569455216,0.02870878353352279,white,6m
long,combined (extreme AND z agrees),development,60,7,-0.05093086637880837,-0.04567340200134118,0.2857142857142857,-2.030635440371113,0.08613492361085531,white,6m
long,combined (extreme AND z agrees),holdout,20,3,-0.04122009533479173,-0.040675587416881154,0.3333333333333333,-0.719649385524296,-0.04531885318445824,white,6m
long,combined (extreme AND z agrees),holdout,40,3,0.013173735682100821,-0.04598976524682774,0.3333333333333333,0.17728833196655208,-0.04156144527561937,white,6m
long,combined (extreme AND z agrees),holdout,60,3,-0.011552915099265704,-0.08315400487675961,0.3333333333333333,-0.10623435096775759,-0.08724787146015285,white,6m
long,extreme alone,full,20,9,0.009914199065710012,-0.01190109397098954,0.3333333333333333,0.4451981330826902,0.020142221981238623,white,6m
long,extreme alone,full,40,9,-0.02278684920758187,-0.02223789955012312,0.3333333333333333,-1.1291255698748588,0.011059152754667055,white,6m
long,extreme alone,full,60,9,-0.052546551273355106,-0.06727722097089756,0.4444444444444444,-2.101494228055273,0.0033447689833508987,white,6m
long,extreme alone,development,20,8,0.016237922376033907,-0.0063141939998747065,0.375,0.6706725571648777,0.027671939014504564,white,6m
long,extreme alone,development,40,8,-0.016221550420923367,-0.021634964620671104,0.375,-0.7496680408819029,0.018100427542268885,white,6m
long,extreme alone,development,60,8,-0.03991331075646966,-0.032596132283381346,0.5,-1.6312844146902403,0.02564788659163829,white,6m
long,extreme alone,holdout,20,1,-0.040675587416881154,-0.040675587416881154,0.0,,-0.04009551428488889,white,6m
long,extreme alone,holdout,40,1,-0.07530923950084989,-0.07530923950084989,0.0,,-0.04527104554614758,white,6m
long,extreme alone,holdout,60,1,-0.1536124754084387,-0.1536124754084387,0.0,,-0.17508017188294822,white,6m
long,"extreme, z disagrees",full,20,12,-0.004309627428857247,-0.003783997443477599,0.4166666666666667,-0.20851016065842512,0.014207016002570719,white,6m
long,"extreme, z disagrees",full,40,12,-0.02529975960578035,-0.0002553892729560414,0.5,-1.1437969776361219,0.0260973907874857,white,6m
long,"extreme, z disagrees",full,60,12,-0.012878452409887215,0.004262634730130083,0.5833333333333334,-0.5826459509650292,0.026226023856986306,white,6m
long,"extreme, z disagrees",development,20,9,0.016844677858982828,0.0003136378018915309,0.5555555555555556,0.7423678603431983,0.028784926058752467,white,6m
long,"extreme, z disagrees",development,40,9,-0.011495917534993084,0.0020790681302772507,0.5555555555555556,-0.45431119497257827,0.04265409775960038,white,6m
long,"extreme, z disagrees",development,60,9,-0.020041113701405815,0.0024372016913145056,0.5555555555555556,-0.9829451276098206,0.04676653710481311,white,6m
long,"extreme, z disagrees",holdout,20,3,-0.06777254329237747,-0.07476340022702943,0.0,-2.9302091019984133,-0.02952671416597452,white,6m
long,"extreme, z disagrees",holdout,40,3,-0.06671128581814216,-0.07069028130000365,0.3333333333333333,-1.5158605405353813,-0.023572730128858337,white,6m
long,"extreme, z disagrees",holdout,60,3,0.008609531464668585,0.011976629274450978,0.6666666666666666,0.11660040726371178,-0.03539551588649411,white,6m
short,combined (extreme AND z agrees),full,20,3,0.02199851553763077,0.08410625903369584,0.6666666666666666,0.2545288377418892,-0.007846857048616615,white,6m
short,combined (extreme AND z agrees),full,40,3,0.039484940294626236,0.10016786567017277,0.6666666666666666,0.27756890563800374,0.003575190405896563,white,6m
short,combined (extreme AND z agrees),full,60,3,-0.10924863048915275,-0.10522314540821975,0.3333333333333333,-1.5613288742014189,-0.04454965049046707,white,6m
short,combined (extreme AND z agrees),development,20,1,-0.14875706210293527,-0.14875706210293527,0.0,,-0.14265165832865745,white,6m
short,combined (extreme AND z agrees),development,40,1,-0.23157569912083598,-0.23157569912083598,0.0,,-0.2027555823983629,white,6m
short,combined (extreme AND z agrees),development,60,1,-0.23240553448935097,-0.23240553448935097,0.0,,-0.16474049139688995,white,6m
short,combined (extreme AND z agrees),holdout,20,2,0.10737630435791379,0.10737630435791379,1.0,,0.0595555435914038,white,6m
short,combined (extreme AND z agrees),holdout,40,2,0.17501526000235734,0.17501526000235734,1.0,,0.10674057680802629,white,6m
short,combined (extreme AND z agrees),holdout,60,2,-0.04767017848905364,-0.04767017848905364,0.5,,0.015545769962744371,white,6m
short,extreme alone,full,20,6,0.002798625061905702,-0.007622699173035319,0.3333333333333333,0.09620043541807788,-0.004390436198233816,white,6m
short,extreme alone,full,40,6,0.017887243228218996,0.010086231355593778,0.6666666666666666,0.6581789429930169,0.00045768899854092826,white,6m
short,extreme alone,full,60,6,0.02588710563414139,-0.00040763249043651584,0.5,0.3865684483174831,-0.005000360663559245,white,6m
short,extreme alone,development,20,3,-0.041880396277858334,-0.06096861002511855,0.0,-2.1224150301731752,-0.03506161632299587,white,6m
short,extreme alone,development,40,3,0.020854965173778234,0.0015888156786506569,0.6666666666666666,0.6141570671585589,0.030951024174249886,white,6m
short,extreme alone,development,60,3,0.08712034806464704,0.17312695426127422,0.6666666666666666,0.6595236044734667,0.07276082319183479,white,6m
short,extreme alone,holdout,20,3,0.04747764640166974,0.024609506479867704,0.6666666666666666,1.1050209970657539,0.02628074392652824,white,6m
short,extreme alone,holdout,40,3,0.014919521282659757,0.0185836470325369,0.6666666666666666,0.2965561319485672,-0.03003564617716803,white,6m
short,extreme alone,holdout,60,3,-0.03534613679636426,-0.003396905355756097,0.3333333333333333,-1.010435129797901,-0.08276154451895328,white,6m
short,"extreme, z disagrees",full,20,6,-0.018214203028459053,-0.007622699173035319,0.3333333333333333,-1.2471868552672263,-0.02680224140336457,white,6m
short,"extreme, z disagrees",full,40,6,0.026582207417456465,0.010086231355593778,0.6666666666666666,0.8013542423209785,-0.011781348533486669,white,6m
short,"extreme, z disagrees",full,60,6,0.038737119989250966,-0.00040763249043651584,0.5,0.614355281021414,-0.004702662792567147,white,6m
short,"extreme, z disagrees",development,20,4,-0.03026795192340795,-0.03169554570709948,0.25,-1.6673756975903087,-0.031507475782270894,white,6m
short,"extreme, z disagrees",development,40,4,0.05372563658173307,0.04423796822607606,0.75,1.3198283594594824,0.024912691545113608,white,6m
short,"extreme, z disagrees",development,60,4,0.058309496229094704,0.07250194749185596,0.5,0.5965271091705963,0.06355236711276518,white,6m
short,"extreme, z disagrees",holdout,20,2,0.005893294761438739,0.005893294761438739,0.5,,-0.017391772645551917,white,6m
short,"extreme, z disagrees",holdout,40,2,-0.02770465091109675,-0.02770465091109675,0.5,,-0.08516942869068722,white,6m
short,"extreme, z disagrees",holdout,60,2,-0.00040763249043651584,-0.00040763249043651584,0.5,,-0.1412127226032318,white,6m
