row,date,side,group,position,gap,z,fwd_arb_20,fwd_safex_20,position_change_20,from_safex_20,from_edges_20,fwd_arb_40,fwd_safex_40,position_change_40,from_safex_40,from_edges_40,fwd_arb_60,fwd_safex_60,position_change_60,from_safex_60,from_edges_60,grain_class,window,cost,net
2988,2021-05-03,long,combined (extreme AND z agrees),0.012810650614394868,0.46780949826422463,1.3277829484334416,0.024538482749777768,-0.07094388088535719,0.045642236105666915,-0.07733857620206835,0.12298081230773528,0.02894074966108917,-0.11527331514043127,0.0783566164105835,-0.1232723334428049,0.20162894985338842,0.0663223891280127,-0.08200431634159266,0.16885424604429497,-0.047772536533345886,0.21662678257764084,yellow,3m,0.00794695423051649,0.02099379543057268
3195,2022-02-24,long,combined (extreme AND z agrees),0.06206108452237009,0.3227973602134137,2.911852178386332,-0.002938809980927992,0.04792895685580678,0.04557729216711448,0.1734872312233494,-0.1279099390562349,-0.088522313702037,0.15224849579428668,-0.11481153099209289,0.4383029169662991,-0.5531144479583919,-0.0009034353173345,0.15187027756420757,0.04606212138809729,0.44674177057837894,-0.40067964919028165,yellow,3m,0.007356513856939719,-0.09587882755897673
3232,2022-04-21,long,combined (extreme AND z agrees),0.0734990970591773,0.264417196911017,1.0725617836038803,0.061163334743687736,0.055018603974675395,0.11451554840362325,0.13147767030112628,-0.016962121897503027,0.039830996100427285,-0.003668377596957484,0.10904887745240087,0.020693361265967408,0.08835551618643346,0.10432749876533465,-0.05999230708237646,0.23329845775255342,-0.09767148285351365,0.3309699406060671,yellow,3m,0.006438827105827285,0.0333921689946
3437,2023-02-14,long,combined (extreme AND z agrees),0.08048977406481983,0.2973028631517488,1.5646173455202503,0.00894825179434644,-0.05219378972080069,0.031048922523267367,-0.1157436283127811,0.14679255083604847,-0.13595542077003853,-0.1467062639175013,-0.2896596423323396,-0.34155762200767625,0.05189797967533666,-0.10384486928232628,-0.17359952717364957,-0.16133164100930508,-0.36723062797697875,0.20589898696767367,yellow,3m,0.006837191490813335,-0.14279261226085185
3462,2023-03-22,long,combined (extreme AND z agrees),0.015833111166843244,0.2932488010077122,1.036165777479124,-0.09991995349150451,-0.10577571184398615,-0.17835168029501666,-0.20655803403003795,0.028206353735021283,-0.05264627773964692,-0.06988378620085223,-0.05756712514021149,-0.12613610444758794,0.06856897930737645,-0.09948488875478712,0.002356273468464898,-0.14953958186875002,0.05767519882033006,-0.20721478068908009,yellow,3m,0.007554225976489377,-0.06020050371613629
1635,2015-11-19,short,combined (extreme AND z agrees),1.2433884284840373,-0.40208793896829875,-1.0418859726978582,-0.00017153687308502086,-0.09416398621249167,0.1714597838894718,0.3029143997344421,-0.1314546158449703,-0.02613809024751501,-0.21832109286434265,0.2757236131948799,0.6131532531932276,-0.33742963999834763,0.000442839808104889,-0.1200371954884818,0.04195409700428243,0.2622597205771837,-0.2203056235729013,yellow,3m,0.008915839725009195,-0.035053929972524205
1734,2016-04-14,short,combined (extreme AND z agrees),1.1876480797292666,-0.6484614740414333,-1.1315775744016654,0.004732170594526464,-0.11664570257956375,0.05699172039551881,0.3728514447369964,-0.3158597243414776,0.006974642861670377,-0.1781371661208302,0.23979092331267138,0.6235632146294792,-0.3837722913168078,-0.10556488779023843,-0.04546486403378358,0.18415254221472988,0.2095385688027238,-0.025386026587993937,yellow,3m,0.008991538894575971,-0.002016896032905594
1750,2016-05-10,short,combined (extreme AND z agrees),1.1926747108141857,-0.6687121047878504,-1.6139740744339748,0.02072925681417548,-0.07634487116307209,0.20440540594897705,0.2522861600048183,-0.047880754055841246,-0.1139143665760638,0.028775951300892944,0.23413472404579738,-0.026225957125337596,0.260360681171135,-0.1857908497192169,0.08858665251938169,0.14343136389645905,-0.21551752578650574,0.3589488896829648,yellow,3m,0.008396267225726558,-0.12231063380179036
3727,2024-04-16,short,combined (extreme AND z agrees),0.9462903795510821,-0.6503558071490694,-1.5024371800104983,0.11452996525120018,0.097509392639757,-0.27935948519839227,-0.20706220875802206,-0.0722972764403702,0.11553916423337462,0.0956032174130722,-0.2644637174560338,-0.20273288052863114,-0.061730836927402666,-0.021112564754010132,0.11825139230381343,-0.1436820179968944,-0.23382284912979678,0.09014083113290239,yellow,3m,0.006924784525133556,0.10861437970824107
3864,2024-10-31,short,combined (extreme AND z agrees),1.1529081852121972,-0.38334873330457053,-1.2407091002962853,-0.005294070867764011,-0.04948150886234237,0.0455566771005389,0.12968039052171942,-0.08412371342118052,0.04220544335564247,-0.10988073615534732,-0.10980989833650123,0.18340939435228165,-0.2932192926887829,0.08792569299810515,-0.1432234015244378,-0.32714575250539535,0.06803199186895448,-0.3951777443743498,yellow,3m,0.006400826955943257,0.035804616399699216
3884,2024-11-28,short,combined (extreme AND z agrees),1.2075016836022512,-0.4117474659455511,-1.9099776041840768,0.04749951422340648,-0.06039922729300495,-0.15536657543704013,0.05255677139083548,-0.2079233468278756,0.09321976386586917,-0.09374189266209543,-0.37270242960593425,-0.06030338483144315,-0.3123990447744911,0.1985629223787897,0.03255183266219719,-0.6573475682065009,-0.4022832689437216,-0.2550642992627793,yellow,3m,0.006115070956942667,0.0871046929089265
3895,2024-12-13,short,combined (extreme AND z agrees),1.1842396219476459,-0.3984228769782119,-1.2863789544436535,0.05843119308903355,-0.05457610123647583,-0.3248281190518941,-0.11148407195648202,-0.2133440470954121,0.20881549287183332,0.06595796779179763,-0.6280724408365972,-0.41456629936281475,-0.21350614147378244,0.12312632799527323,0.08178503702728479,-0.642831865301761,-0.5775076240466477,-0.06532424125511327,yellow,3m,0.003796034816247582,0.20501945805558575
4042,2025-07-22,short,combined (extreme AND z agrees),0.9147220363249144,-0.1770215188907881,-1.8913779860845472,0.11082498338166835,0.13949881910038697,-0.21229743842802007,-0.2512069337183416,0.038909495290321505,0.2224803820053488,0.19977995210141108,-0.39461309801885047,-0.3429456103765738,-0.05166748764227669,0.26276898125727377,0.26623747739433923,-0.47821189390945795,-0.45321169179068216,-0.025000202118775794,yellow,3m,0.006798456576432639,0.21568192542891618
2988,2021-05-03,long,combined (extreme AND z agrees),0.012810650614394868,0.46780949826422463,1.4420550274507993,0.024538482749777768,-0.07094388088535719,0.045642236105666915,-0.07733857620206835,0.12298081230773528,0.02894074966108917,-0.11527331514043127,0.0783566164105835,-0.1232723334428049,0.20162894985338842,0.0663223891280127,-0.08200431634159266,0.16885424604429497,-0.047772536533345886,0.21662678257764084,yellow,6m,0.00794695423051649,0.02099379543057268
3195,2022-02-24,long,combined (extreme AND z agrees),0.06206108452237009,0.3227973602134137,2.1984098969976724,-0.002938809980927992,0.04792895685580678,0.04557729216711448,0.1734872312233494,-0.1279099390562349,-0.088522313702037,0.15224849579428668,-0.11481153099209289,0.4383029169662991,-0.5531144479583919,-0.0009034353173345,0.15187027756420757,0.04606212138809729,0.44674177057837894,-0.40067964919028165,yellow,6m,0.007356513856939719,-0.09587882755897673
3236,2022-04-28,long,combined (extreme AND z agrees),0.062149857833692854,0.32461821000300894,1.8631446481919867,0.09005088353642554,0.009347443827070645,0.1568368446755205,0.021759091445148385,0.13507775323037213,0.08020443318586534,-0.07445512912577423,0.1715872718282058,-0.15002630079881446,0.3216135726270203,0.09598430953758486,-0.13275698139732983,0.20006173325424723,-0.2562258958286219,0.45628762908286913,yellow,6m,0.0061520122946192935,0.07405242089124604
3437,2023-02-14,long,combined (extreme AND z agrees),0.08048977406481983,0.2973028631517488,2.3610874272306397,0.00894825179434644,-0.05219378972080069,0.031048922523267367,-0.1157436283127811,0.14679255083604847,-0.13595542077003853,-0.1467062639175013,-0.2896596423323396,-0.34155762200767625,0.05189797967533666,-0.10384486928232628,-0.17359952717364957,-0.16133164100930508,-0.36723062797697875,0.20589898696767367,yellow,6m,0.006837191490813335,-0.14279261226085185
3459,2023-03-16,long,combined (extreme AND z agrees),0.07750356666543338,0.2523335080145228,1.2471132310311455,-0.14998281611949627,-0.10541332651575108,-0.3072299408659273,-0.2177022854146554,-0.08952765545127192,-0.06981078357313719,-0.12191210235218874,-0.1046802393359487,-0.25267969153948905,0.14799945220354035,-0.11940681528588026,-0.08534351374177529,-0.18435024572870215,-0.14733149451427738,-0.03701875121442477,yellow,6m,0.009757544079835818,-0.079568327652973
1645,2015-12-03,short,combined (extreme AND z agrees),1.4221832399176055,-0.5727949014317238,-1.11139559249425,-0.033888760571945564,-0.06512940652336541,0.13696252018938404,0.23087756641872592,-0.09391504622934188,-0.021138792865093903,-0.13870374491505433,0.10272895783655467,0.359426497838651,-0.2566975400020963,0.03950903372250192,0.002974707683931932,-0.11871783886355658,0.01614494618725648,-0.13486278505081306,yellow,6m,0.008511960054681838,-0.02965075291977574
1655,2015-12-18,short,combined (extreme AND z agrees),1.4014085378785925,-0.5479090120968596,-1.1543540292660253,-0.02596655337442999,-0.12415710665185098,0.10426382930540812,0.31382138433290163,-0.20955755502749351,0.0006143766811899098,-0.025873209275990128,-0.12950568688518937,-0.04112414531739428,-0.0883815415677951,0.1285059317915691,0.0754237618172422,-0.25797528474438547,-0.1781845698404514,-0.07979071490393408,yellow,6m,0.005163247863247862,-0.004548871182057952
1734,2016-04-14,short,combined (extreme AND z agrees),1.1876480797292666,-0.6484614740414333,-1.111632077329955,0.004732170594526464,-0.11664570257956375,0.05699172039551881,0.3728514447369964,-0.3158597243414776,0.006974642861670377,-0.1781371661208302,0.23979092331267138,0.6235632146294792,-0.3837722913168078,-0.10556488779023843,-0.04546486403378358,0.18415254221472988,0.2095385688027238,-0.025386026587993937,yellow,6m,0.008991538894575971,-0.002016896032905594
1750,2016-05-10,short,combined (extreme AND z agrees),1.1926747108141857,-0.6687121047878504,-1.1401990749462911,0.02072925681417548,-0.07634487116307209,0.20440540594897705,0.2522861600048183,-0.047880754055841246,-0.1139143665760638,0.028775951300892944,0.23413472404579738,-0.026225957125337596,0.260360681171135,-0.1857908497192169,0.08858665251938169,0.14343136389645905,-0.21551752578650574,0.3589488896829648,yellow,6m,0.008396267225726558,-0.12231063380179036
3727,2024-04-16,short,combined (extreme AND z agrees),0.9462903795510821,-0.6503558071490694,-2.1871206066113187,0.11452996525120018,0.097509392639757,-0.27935948519839227,-0.20706220875802206,-0.0722972764403702,0.11553916423337462,0.0956032174130722,-0.2644637174560338,-0.20273288052863114,-0.061730836927402666,-0.021112564754010132,0.11825139230381343,-0.1436820179968944,-0.23382284912979678,0.09014083113290239,yellow,6m,0.006924784525133556,0.10861437970824107
4042,2025-07-22,short,combined (extreme AND z agrees),0.9147220363249144,-0.1770215188907881,-1.6708498643514242,0.11082498338166835,0.13949881910038697,-0.21229743842802007,-0.2512069337183416,0.038909495290321505,0.2224803820053488,0.19977995210141108,-0.39461309801885047,-0.3429456103765738,-0.05166748764227669,0.26276898125727377,0.26623747739433923,-0.47821189390945795,-0.45321169179068216,-0.025000202118775794,yellow,6m,0.006798456576432639,0.21568192542891618
2122,2017-11-29,long,combined (extreme AND z agrees),0.0962971242072145,0.348712741567312,1.954791563089741,0.13863107460269547,0.053569781754005674,0.06026295058166088,0.027159067193136502,0.03310388338852438,0.01408313915251197,-0.06575613074746128,0.009670769405714874,-0.02568988347723275,0.035360652882947624,0.0024372016913145056,-0.037261052124496985,0.018030663040729256,-0.003982283037972836,0.022012946078702092,white,3m,0.014475340276982544,-0.0003922011244705745
2909,2021-02-02,long,combined (extreme AND z agrees),0.0985945445011283,0.5368319360602551,1.8220503085704953,0.02423152102298609,0.030310084691330563,0.0005886880947752471,0.00931847213363407,-0.008729784038858823,-0.04333570036121792,0.011373130120223673,-0.050275893560752426,-0.008601405813217028,-0.0416744877475354,-0.1356542186893881,0.10825305272026231,-0.10839206232626374,0.08278146893372215,-0.19117353125998587,white,3m,0.009250111623591116,-0.052585811984809036
3051,2021-08-27,long,combined (extreme AND z agrees),0.07170066965754963,0.3029618709250612,1.103228710786778,0.022962343788110795,0.014696136989359454,0.05190296580387081,0.034789416652088706,0.017113549151782106,0.04189508674132769,-0.011271413441327649,0.049232145810734956,0.01285112121305551,0.036381024597679446,-0.01116925625252263,0.06841411310186218,0.018280631231372996,0.09410203245063775,-0.07582140121926476,white,3m,0.008922206177839094,0.0329728805634886
3090,2021-10-22,long,combined (extreme AND z agrees),0.09821927415965233,0.3949885038576885,1.4234493587053987,-0.02916531287130153,0.08013814118031315,-0.014842106772016972,0.07434306256985658,-0.08918516934187355,-0.02103202969121909,0.13036642896489525,-0.010226014414331963,0.11346986734323876,-0.12369588175757072,0.0020849564041348634,0.11877049560520658,0.01064228755311071,0.09644462694754334,-0.08580233939443263,white,3m,0.008841948784692143,-0.029873978475911233
3113,2021-11-25,long,combined (extreme AND z agrees),0.06619310301661926,0.4076799088192914,1.3243385984831006,0.023027981491617444,0.06140067759721801,0.012886246680438418,0.04539197885102422,-0.032505732170585805,0.0146196901919311,0.03626470432567541,0.001723706445364112,0.015009177021174658,-0.013285470575810546,-0.00793184716008355,0.07036204103002142,-0.009883119722205153,0.05450958033152242,-0.06439270005372758,white,3m,0.008377741919930676,0.0062419482720004246
3127,2021-12-15,long,combined (extreme AND z agrees),0.06927508780680916,0.41420408452673574,1.2955426008263455,0.060244015032505205,0.021855731255171706,0.05494502488717652,0.017805768318358672,0.03713925656881785,-0.023724794535181504,0.03150964708122106,-0.01952780245100362,0.02608414999975736,-0.04561195245076098,-0.04567340200134118,0.13939237045841701,-0.03105570002458423,0.15550952040287574,-0.18656522042746,white,3m,0.0052564164305949,-0.028981210965776404
3134,2021-12-28,long,combined (extreme AND z agrees),0.094498889502663,0.41314078950428107,1.3383533540235113,-0.005907940954289703,-0.028810857008676027,-0.008420703660320022,-0.034997585785812094,0.02657688212549207,-0.045196116542804754,0.003271540540614515,-0.033742830458712,0.0066709978489050276,-0.04041382830761703,-0.038387528328070575,0.10755978078158424,-0.008903674002565476,0.14087417073035163,-0.1497778447329171,white,3m,0.005074024885267273,-0.05027014142807203
3153,2022-01-24,long,combined (extreme AND z agrees),0.08917866793780346,0.43885290672556954,2.0879586639576444,-0.02255153735201465,0.034097336704346004,-0.011606826167569265,0.04342281224666268,-0.055029638414231946,-0.02223789955012312,0.136441989690401,0.009023214135631619,0.18755035331391362,-0.178527139178282,-0.09030095374684755,0.1726975895260774,-0.0652612799603021,0.24079341642452168,-0.30605469638482374,white,3m,0.0081323890191753,-0.03037028856929842
3247,2022-06-10,long,combined (extreme AND z agrees),0.08692530640988028,0.41118506094358487,1.6478657982511637,0.0967376750975728,-0.017624549902006903,0.12187784293218869,-0.02104485880933943,0.1429227017415281,0.10555419179472936,-0.06990545288283889,0.11828689404105412,-0.08112794175809557,0.1994148357991497,0.06170073159459255,0.03436725790502626,0.1071078279243655,0.0543378773316653,0.052769950592700204,white,3m,0.006391959362647172,0.09916223243208219
3410,2023-02-02,long,combined (extreme AND z agrees),0.09946312719596472,0.44811266547516815,1.675278635038778,-0.040675587416881154,-0.04009551428488889,-0.08621699035044704,-0.08524062565810396,-0.0009763646923430791,-0.07530923950084989,-0.04527104554614758,-0.15214868138379328,-0.1185500133123905,-0.033598668071402785,-0.1536124754084387,-0.17508017188294822,-0.20070552935278063,-0.24705592182809782,0.04635039247531719,white,3m,0.006933897395574634,-0.08224313689642453
3444,2023-03-23,long,combined (extreme AND z agrees),-0.054432287108158915,0.5005210850923646,1.304205994073794,-0.11351072096557147,-0.1103395429437235,-0.12230561079958609,-0.12461919958870639,0.002313588789120302,-0.06836242853319852,-0.05833758534259004,-0.04689536332297166,-0.05421198346058473,0.00731662013761307,-0.09090046672984564,0.002238911348509509,-0.06584838199627241,0.02979555572804967,-0.09564393772432209,white,3m,0.00781588554178643,-0.07617831407498495
3456,2023-04-12,long,combined (extreme AND z agrees),-0.10996353346460554,0.509174289170233,1.4933657102392994,-0.02324762531500757,-0.05203015774664732,0.01280004585205255,-0.037506018143532036,0.050306063995584585,-0.013062375243372726,-0.03882534093871004,0.03665237177769308,-0.019698779585070228,0.05635115136276331,0.07827263667987205,-0.07342308219680538,0.15899502878840047,-0.04940092290406549,0.20839595169246594,white,3m,0.008090597114400234,-0.02115297235777296
3486,2023-05-26,long,combined (extreme AND z agrees),-0.10564146765083808,0.513061588087408,1.0844279395453629,0.03610264869836466,0.036163040589598294,0.06116640853814689,0.05385362360513357,0.007312784933013315,0.15946055689389316,0.03613396529743018,0.21322528303806582,0.05004211645819025,0.16318316657987558,0.20023239125766912,-0.02484907362259614,0.2593211479111158,-0.007565460668210927,0.2668866085793268,white,3m,0.008357279059131065,0.1511032778347621
1617,2015-11-20,short,combined (extreme AND z agrees),1.043636548259949,-0.24919027760688706,-1.1765108091012935,-0.11019229783925832,-0.2023381878209728,0.45157869200129963,0.5562506536482348,-0.10467196164693515,-0.23497389271509272,-0.4235185600708965,0.9296831272973185,1.1982242851455005,-0.268541157848182,-0.2506940808407755,-0.35590783989635477,0.8176137807273733,0.9942797280181137,-0.17666594729074037,white,3m,0.008455333955466297,-0.24342922667055902
1682,2016-02-24,short,combined (extreme AND z agrees),2.0089752311642592,-1.2081449635935844,-1.0238024049372456,0.07798794188138936,0.04148903290280992,-0.07528370692315245,-0.0758979232003465,0.0006142162771940463,0.12360171607546322,0.13283168393268907,-0.6446657209470876,-0.31117443146018187,-0.33349128948690576,0.16345678992937707,0.031030466844732985,-0.6075083790016049,0.04693471494949364,-0.6544430939510986,white,3m,0.005818886569331819,0.1177828295061314
1696,2016-03-15,short,combined (extreme AND z agrees),2.030525812558135,-1.3082201116535022,-1.5283278126103876,0.036569786671784676,0.0935619631494502,-0.3200743391641707,-0.27176738669535694,-0.04830695246881378,0.04263230094686632,-0.015144156164298206,-0.6990371791068952,0.15099357416064674,-0.850030753267542,0.13937349490273765,0.010068097395278253,-0.7760246729017837,0.06618641498163136,-0.842211087883415,white,3m,0.005960570656475319,0.036671730290391
1713,2016-04-12,short,combined (extreme AND z agrees),1.9364667955453883,-1.303420623337235,-1.5017021861761835,0.005137752047492672,-0.06908144152376616,-0.6143435526621732,0.26332636480303995,-0.8776699174652132,0.1201442185091206,-0.04418339932617177,-0.6444626910431233,0.22658551784137604,-0.8710482088844993,-0.03957488538967491,0.004876231197871395,-0.6110930728452768,0.08411740909942944,-0.6952104819447062,white,3m,0.006302090466685382,0.11384212804243522
3708,2024-04-16,short,combined (extreme AND z agrees),0.9332405874067335,-0.5631749345969324,-1.7526919011639657,0.13064634968213173,0.11362577707068855,-0.2555075642692156,-0.19788502364291138,-0.05762254062630423,0.10016786567017277,0.08023191884987035,-0.1870311011979453,-0.1404542872038963,-0.046576813994049004,-0.10522314540821975,0.03414081164960381,-0.0733884871003132,-0.05763854064260454,-0.015749946457708663,white,3m,0.00551162984978544,0.09465623582038733
3854,2024-11-13,short,combined (extreme AND z agrees),0.9696458223486139,-0.29025780724444805,-1.0271066017914738,-0.063774316419549,-0.05028768100233294,0.03436472578709304,0.010159133400019504,0.024205592387073538,0.04613454772740755,-0.0830665621175346,-0.19854181265818605,-0.08906901518176025,-0.1094727974764258,0.16276307955888436,0.02850781540282954,-0.39326096713763803,-0.3039930532620916,-0.08926791387554645,white,3m,0.00510153846486936,0.04103300926253819
1951,2017-03-24,long,combined (extreme AND z agrees),0.09399379437128014,0.730257510202085,1.3022611206478532,-0.01190109397098954,0.06692733699988068,0.003800321929762193,0.050126946217653304,-0.04632662428789111,-0.0993650310571989,-0.04487581874458585,-0.03548460435500665,0.00018413210237397393,-0.035668736457380626,-0.10577245596776658,-0.06883255896838575,-0.03244186783634008,-0.006322298953563746,-0.026119568882776334,white,6m,0.01560035668039492,-0.11496538773759382
2909,2021-02-02,long,combined (extreme AND z agrees),0.0985945445011283,0.5368319360602551,2.362402709505347,0.02423152102298609,0.030310084691330563,0.0005886880947752471,0.00931847213363407,-0.008729784038858823,-0.04333570036121792,0.011373130120223673,-0.050275893560752426,-0.008601405813217028,-0.0416744877475354,-0.1356542186893881,0.10825305272026231,-0.10839206232626374,0.08278146893372215,-0.19117353125998587,white,6m,0.009250111623591116,-0.052585811984809036
3090,2021-10-22,long,combined (extreme AND z agrees),0.09821927415965233,0.3949885038576885,1.0740932734802402,-0.02916531287130153,0.08013814118031315,-0.014842106772016972,0.07434306256985658,-0.08918516934187355,-0.02103202969121909,0.13036642896489525,-0.010226014414331963,0.11346986734323876,-0.12369588175757072,0.0020849564041348634,0.11877049560520658,0.01064228755311071,0.09644462694754334,-0.08580233939443263,white,6m,0.008841948784692143,-0.029873978475911233
3127,2021-12-15,long,combined (extreme AND z agrees),0.06927508780680916,0.41420408452673574,1.186253491271695,0.060244015032505205,0.021855731255171706,0.05494502488717652,0.017805768318358672,0.03713925656881785,-0.023724794535181504,0.03150964708122106,-0.01952780245100362,0.02608414999975736,-0.04561195245076098,-0.04567340200134118,0.13939237045841701,-0.03105570002458423,0.15550952040287574,-0.18656522042746,white,6m,0.0052564164305949,-0.028981210965776404
3134,2021-12-28,long,combined (extreme AND z agrees),0.094498889502663,0.41314078950428107,1.0710192242410392,-0.005907940954289703,-0.028810857008676027,-0.008420703660320022,-0.034997585785812094,0.02657688212549207,-0.045196116542804754,0.003271540540614515,-0.033742830458712,0.0066709978489050276,-0.04041382830761703,-0.038387528328070575,0.10755978078158424,-0.008903674002565476,0.14087417073035163,-0.1497778447329171,white,6m,0.005074024885267273,-0.05027014142807203
3153,2022-01-24,long,combined (extreme AND z agrees),0.08917866793780346,0.43885290672556954,1.28144057467727,-0.02255153735201465,0.034097336704346004,-0.011606826167569265,0.04342281224666268,-0.055029638414231946,-0.02223789955012312,0.136441989690401,0.009023214135631619,0.18755035331391362,-0.178527139178282,-0.09030095374684755,0.1726975895260774,-0.0652612799603021,0.24079341642452168,-0.30605469638482374,white,6m,0.0081323890191753,-0.03037028856929842
3251,2022-06-17,long,combined (extreme AND z agrees),0.09097922369484289,0.45926283120928213,1.2107485734925496,0.11671769107716345,-0.03316942920493693,0.1309807388619686,-0.04847312509751783,0.17945386395948643,0.1087114833505991,-0.06712543291811013,0.12355311064594254,-0.08368821931820619,0.20724132996414873,0.057187537677620526,0.02510373515282538,0.09749110307851161,0.03974195189034377,0.05774915118816784,white,6m,0.0062989049546263,0.1024125783959728
3410,2023-02-02,long,combined (extreme AND z agrees),0.09946312719596472,0.44811266547516815,1.338067972085769,-0.040675587416881154,-0.04009551428488889,-0.08621699035044704,-0.08524062565810396,-0.0009763646923430791,-0.07530923950084989,-0.04527104554614758,-0.15214868138379328,-0.1185500133123905,-0.033598668071402785,-0.1536124754084387,-0.17508017188294822,-0.20070552935278063,-0.24705592182809782,0.04635039247531719,white,6m,0.006933897395574634,-0.08224313689642453
3440,2023-03-16,long,combined (extreme AND z agrees),0.013713263062950905,0.4475370412887819,1.0290069551425352,-0.14069967765410052,-0.09613018805035534,-0.17862633098921862,-0.12839203237445934,-0.05023429861475928,-0.04598976524682774,-0.0980910840258793,-0.038042372408168976,-0.12301240952744075,0.08497003711927177,-0.08315400487675961,-0.04909070333265464,-0.06271216824894273,-0.0483189072868538,-0.014393260962088927,white,6m,0.010152065473109375,-0.056141830719937114
3487,2023-05-29,long,combined (extreme AND z agrees),-0.10806317821503354,0.5205150905535734,1.0342778362161746,0.0577149790666065,0.00026914278186951357,0.09207180310963899,0.012993652080394283,0.0790781510292447,0.1608202117939801,0.018677793745168758,0.21622231927865593,0.029920744602811425,0.18630157467584452,0.2021077349874012,-0.037572739164855706,0.2657853080205452,-0.021122693213891916,0.2869080012344371,white,6m,0.008260157416663706,0.1525600543773164
1631,2015-12-10,short,combined (extreme AND z agrees),1.3706878249126737,-0.6031198009332028,-1.0337024387200686,-0.14875706210293527,-0.14265165832865745,0.4679836851575778,0.4971627373511238,-0.029179052193545996,-0.23157569912083598,-0.2027555823983629,0.6376282857732594,0.6648604067064616,-0.027232120933202264,-0.23240553448935097,-0.16474049139688995,0.5407321045851348,0.6021777438057223,-0.061445639220587545,white,6m,0.007283842685370745,-0.23885954180620672
3708,2024-04-16,short,combined (extreme AND z agrees),0.9332405874067335,-0.5631749345969324,-2.5058680940401126,0.13064634968213173,0.11362577707068855,-0.2555075642692156,-0.19788502364291138,-0.05762254062630423,0.10016786567017277,0.08023191884987035,-0.1870311011979453,-0.1404542872038963,-0.046576813994049004,-0.10522314540821975,0.03414081164960381,-0.0733884871003132,-0.05763854064260454,-0.015749946457708663,white,6m,0.00551162984978544,0.09465623582038733
3881,2024-12-23,short,combined (extreme AND z agrees),1.1215061032928513,-0.468930178352736,-1.4200770638207776,0.08410625903369584,0.005485310112119057,-0.3179394119001233,-0.2531987050089013,-0.06474070689122202,0.2498626543345419,0.13324923476618222,-0.6571944375522634,-0.572038132644459,-0.08515630490780435,0.009882788430112477,-0.0030492717241150658,-0.6859655449215689,-0.6829221497336897,-0.0030433951878792165,white,6m,0.0030213417413766904,0.24684131259316522
